feature_0,feature_1,feature_2,feature_3,feature_4,feature_5,feature_6,feature_7,feature_8,feature_9,feature_10,feature_11,feature_12,feature_13,feature_14,feature_15,feature_16,feature_17,feature_18,feature_19,feature_20,feature_21,feature_22,feature_23,feature_24,feature_25,feature_26,feature_27,feature_28,feature_29,feature_30,feature_31,feature_32,feature_33,feature_34,feature_35,feature_36,feature_37,feature_38,feature_39,feature_40,feature_41,feature_42,feature_43,feature_44,feature_45,feature_46,feature_47,feature_48,feature_49,feature_50,feature_51,feature_52,feature_53,feature_54,feature_55,feature_56,feature_57,feature_58,feature_59,feature_60,feature_61,feature_62,feature_63,feature_64,feature_65,feature_66,feature_67,feature_68,feature_69,feature_70,feature_71,feature_72,feature_73,feature_74,feature_75,feature_76,feature_77,feature_78,feature_79,feature_80,feature_81,feature_82,feature_83,feature_84,feature_85,feature_86,feature_87,feature_88,feature_89,feature_90,feature_91,feature_92,feature_93,feature_94,feature_95,feature_96,feature_97,feature_98,feature_99,feature_100,feature_101,feature_102,feature_103,feature_104,feature_105,feature_106,feature_107,feature_108,feature_109,feature_110,feature_111,feature_112,feature_113,feature_114,feature_115
0,0,0,0,0.0,-0.1114982578397212,0.0482529118136439,0.0,0.0,0.0,0.0,0.0,0.0,0.0,0.0,0.0,0.0,0.0,0.0,-0.040983606557377,-0.2,0.0,0.0,0.0,0.0,-0.4399999999999999,11.166666666666668,0.67,-0.8507462686567164,-0.1416666666666666,0.0322580645161289,0.1666666666666666,0.3333333333333333,0.0,0.0,0.0,0.0,0.0,False,False,True,False,False,False,False,False,False,False,False,False,False,False,True,False,False,False,False,False,False,False,False,False,False,False,False,False,False,False,False,False,False,False,False,False,False,False,False,False,False,False,False,False,False,False,False,False,False,False,False,False,False,False,False,False,False,False,False,False,False,False,False,False,False,False,False,False,False,False,False,False,False,False,False,False,True,False
0,1,0,0,0.0,0.7456445993031359,7.810316139767055,0.0,0.0,0.0,0.0,0.0,0.0,0.0,0.0,0.0,0.0,0.0,0.0,-0.0573770491803278,-0.3333333333333333,0.0,0.0,0.0,0.0,0.0,0.0,0.0,0.0,0.2958333333333333,0.0215053763440859,0.1666666666666666,0.0,0.0,0.0,0.0,0.0,0.0,False,True,False,False,False,False,False,False,False,False,False,False,False,False,False,False,False,False,False,False,False,False,False,False,False,True,False,False,False,False,False,False,False,False,False,False,False,False,False,False,False,False,False,False,False,False,False,False,False,False,False,False,False,False,False,False,False,False,False,False,False,False,False,False,False,False,False,False,False,False,False,False,False,False,False,False,True,False
0,1,0,0,0.0,0.6898954703832753,8.831946755407653,0.0,0.0,0.0,0.0,0.0,0.0,0.0,0.0,0.0,0.0,0.0,0.0,-0.0245901639344262,-0.0666666666666666,0.0,0.0,0.0,0.0,0.0,0.0,0.0,-1.582089552238806,0.3625,0.086021505376344,-0.1666666666666666,0.6666666666666667,2.0,0.0,0.0,0.0,0.0,False,True,False,False,False,False,False,False,False,False,False,False,False,False,False,False,False,False,False,False,False,False,False,False,False,True,False,False,False,False,False,False,False,False,False,False,False,False,False,False,False,False,False,False,False,False,False,False,False,False,False,False,False,False,False,False,False,False,False,False,False,False,False,False,False,False,False,False,False,False,False,False,False,False,False,False,True,False
0,1,0,0,0.0,1.0313588850174216,5.930116472545757,0.0,0.0,0.0,0.0,0.0,0.0,0.0,0.0,0.0,0.0,0.0,0.0,0.0,0.1333333333333333,0.0,0.0,0.0,0.0,0.0,0.0,0.0,-1.373134328358209,0.3625,0.086021505376344,-0.1666666666666666,0.3333333333333333,4.0,0.0,0.0,0.0,0.0,False,True,False,False,False,False,False,False,False,False,False,False,False,False,False,False,False,False,False,False,False,False,False,False,False,True,False,False,False,False,False,False,False,False,False,False,False,False,False,False,False,False,False,False,False,False,False,False,False,False,False,False,False,False,False,False,False,False,False,False,False,False,False,False,False,False,False,False,False,False,False,False,False,False,False,False,True,False
0,0,0,0,0.0,-0.0034843205574912,0.0116472545757071,0.0,0.0,0.0,0.0,0.0,0.0,0.0,0.0,0.0,0.0,0.0,0.0,2.278688524590164,18.666666666666668,0.0,0.0,0.0,0.0,0.0,0.0,0.0,0.0,0.3625,0.086021505376344,-0.1666666666666666,28.666666666666668,0.0,0.0,0.0,0.0,0.0,False,False,True,False,False,False,False,False,False,False,False,False,False,False,False,False,False,False,False,False,False,False,False,False,False,False,False,False,False,False,False,False,False,False,False,False,False,False,False,False,False,False,False,False,False,False,False,False,True,False,False,False,False,False,False,False,False,False,False,False,False,False,False,False,False,False,False,False,False,False,False,False,False,False,False,False,True,False
0,0,0,0,0.0,-0.1881533101045296,-0.0765391014975041,0.0,0.0,0.0,0.0,0.0,0.0,0.0,0.0,0.0,0.0,0.0,0.0,2.172131147540984,0.4666666666666667,0.0,0.0,4.0,14.285714285714285,-1.2666666666666666,1.0,0.0,0.0,-0.6458333333333334,-0.935483870967742,0.8333333333333333,0.0,0.0,0.0,0.0,2.7777777777777777,5.88235294117647,False,True,False,False,False,False,False,False,False,False,False,False,True,False,False,False,False,False,False,False,False,False,False,False,False,False,False,False,False,False,False,False,False,False,False,False,False,False,False,False,False,False,False,False,False,False,False,False,False,False,False,False,False,False,False,False,False,False,False,False,False,False,False,False,False,False,False,False,False,True,False,False,False,False,False,False,False,False
0,1,0,0,0.0,0.4843205574912892,1.1863560732113143,0.0,0.0,0.0,0.0,0.0,0.0,0.0,0.0,0.0,0.0,0.0,0.0,-0.040983606557377,0.6666666666666666,0.0,0.0,0.0,0.0,0.0,0.0,0.12,-1.3805970149253732,0.3625,0.086021505376344,-0.1666666666666666,0.3333333333333333,1.0,0.0,0.0,0.0,0.0,False,True,False,False,False,False,False,False,False,False,False,False,False,False,False,False,False,False,False,False,False,False,False,False,False,True,False,False,False,False,False,False,False,False,False,False,False,False,False,False,False,False,False,False,False,False,False,False,False,False,False,False,False,False,False,False,False,False,False,False,False,False,False,False,False,False,False,False,False,False,False,False,False,False,False,False,True,False
0,1,0,0,0.0,0.6480836236933798,6.778702163061564,0.0,0.0,0.0,0.0,0.0,0.0,0.0,0.0,0.0,0.0,0.0,0.0,-0.040983606557377,-0.2,0.0,0.0,0.0,0.0,0.0,0.0,0.0,-1.544776119402985,0.3625,0.086021505376344,-0.1666666666666666,0.6666666666666667,4.0,0.0,0.0,0.0,0.0,False,True,False,False,False,False,False,False,False,False,False,False,False,False,False,False,False,False,False,False,False,False,False,False,False,True,False,False,False,False,False,False,False,False,False,False,False,False,False,False,False,False,False,False,False,False,False,False,False,False,False,False,False,False,False,False,False,False,False,False,False,False,False,False,False,False,False,False,False,False,False,False,False,False,False,False,True,False
0,1,0,0,0.0,0.5470383275261324,23.56738768718802,0.0,0.0,0.0,0.0,0.0,0.0,0.0,0.0,0.0,0.0,0.0,0.0,0.040983606557377,0.4666666666666667,0.0,0.0,0.0,0.0,0.0,0.0,0.0,-1.6791044776119404,0.3625,0.086021505376344,-0.1666666666666666,1.0,5.0,0.0,0.0,0.0,0.0,False,True,False,False,False,False,False,False,False,False,False,False,False,False,False,False,False,False,False,False,False,False,False,False,False,True,False,False,False,False,False,False,False,False,False,False,False,False,False,False,False,False,False,False,False,False,False,False,False,False,False,False,False,False,False,False,False,False,False,False,False,False,False,False,False,False,False,False,False,False,False,False,False,False,False,False,True,False
0,1,0,0,0.0,0.5714285714285714,1.5590682196339434,0.0,0.0,0.0,0.0,0.0,0.0,0.0,0.0,0.0,0.0,0.0,0.0,0.081967213114754,0.8,0.0,0.0,0.0,0.0,0.0,0.0,0.0,0.0,0.3625,0.086021505376344,-0.1666666666666666,0.0,0.0,0.01,0.01,0.0,0.0,False,True,False,False,False,False,False,False,False,False,False,False,False,False,False,False,False,False,False,False,False,False,False,False,False,True,False,False,False,False,False,False,False,False,False,False,False,False,False,False,False,False,False,False,False,False,False,False,False,False,False,False,False,False,False,False,False,False,False,False,False,False,False,False,False,False,False,False,False,False,False,False,False,False,False,False,True,False
0,0,0,0,0.0,20.470383275261323,-0.0765391014975041,0.0,0.0,0.0,0.0,0.0,0.0,0.0,0.0,0.0,0.0,0.0,0.0,0.0655737704918032,0.6666666666666666,0.0,0.0,0.0,0.0,0.0,0.0,0.0,-1.5522388059701493,-0.6083333333333333,-0.4838709677419356,1.3333333333333337,15.666666666666666,0.0,0.0,0.0,0.0,0.0,False,True,False,False,False,False,False,False,False,False,False,False,False,False,False,False,False,False,False,False,False,False,True,False,False,False,False,False,False,False,False,False,False,False,False,False,False,False,False,False,False,False,False,False,False,False,False,False,False,False,False,False,False,False,False,False,False,False,False,False,False,False,False,False,False,False,False,False,False,False,False,False,False,False,False,False,True,False
0,1,0,0,0.0,0.5923344947735192,0.3860232945091514,0.0,0.0,0.0,0.0,0.0,0.0,0.0,0.0,0.0,0.0,0.0,0.0,-0.040983606557377,-0.0666666666666666,0.0,0.0,0.0,0.0,0.0,0.0,0.4,0.0,0.3625,0.086021505376344,-0.1666666666666666,0.0,0.0,0.0,0.0,0.0,0.0,False,True,False,False,False,False,False,False,False,False,False,False,False,False,False,False,False,False,False,False,False,False,False,False,False,True,False,False,False,False,False,False,False,False,False,False,False,False,False,False,False,False,False,False,False,False,False,False,False,False,False,False,False,False,False,False,False,False,False,False,False,False,False,False,False,False,False,False,False,False,False,False,False,False,False,False,True,False
0,0,0,0,0.0,-0.0348432055749128,-0.0033277870216306,0.0,0.0,0.0,0.0,0.0,0.0,0.0,0.0,0.0,0.0,0.0,0.0,-0.0491803278688524,-0.2,0.0,0.0,0.0,0.0,0.0,0.0,0.67,0.0,0.3,0.0215053763440859,0.0,0.3333333333333333,0.0,0.0,0.0,0.1111111111111111,0.0,False,False,True,False,False,False,False,False,False,False,False,False,False,False,True,False,False,False,False,False,False,False,False,False,False,False,False,False,False,False,False,False,False,False,False,False,False,False,False,False,False,False,False,False,False,False,False,False,False,False,False,False,False,False,False,False,False,False,False,False,False,False,False,False,False,False,False,False,False,False,False,False,False,False,False,False,True,False
0,1,0,0,0.0,0.9860627177700348,0.3943427620632279,0.0,0.0,0.0,0.0,0.0,0.0,0.0,0.0,0.0,0.0,0.0,0.0,0.1311475409836065,1.5333333333333334,0.0,0.0,0.0,0.0,0.0,0.0,0.1,0.0,0.3625,0.086021505376344,-0.1666666666666666,0.0,0.0,0.0,0.0,0.0,0.0,False,True,False,False,False,False,False,False,False,False,False,False,False,False,False,False,False,False,False,False,False,False,False,False,False,True,False,False,False,False,False,False,False,False,False,False,False,False,False,False,False,False,False,False,False,False,False,False,False,False,False,False,False,False,False,False,False,False,False,False,False,False,False,False,False,False,False,False,False,False,False,False,False,False,False,False,True,False
0,1,0,0,0.0,0.5261324041811847,3.4509151414309485,0.0,0.0,0.0,0.0,0.0,0.0,0.0,0.0,0.0,0.0,0.0,0.0,-0.0081967213114754,0.5333333333333333,0.0,0.0,0.0,0.0,0.0,0.0,0.14,0.0,0.3625,0.086021505376344,-0.1666666666666666,0.0,0.0,0.0,0.0,0.0,0.0,False,True,False,False,False,False,False,False,False,False,False,False,False,False,False,False,False,False,False,False,False,False,False,False,False,True,False,False,False,False,False,False,False,False,False,False,False,False,False,False,False,False,False,False,False,False,False,False,False,False,False,False,False,False,False,False,False,False,False,False,False,False,False,False,False,False,False,False,False,False,False,False,False,False,False,False,True,False
0,1,0,0,0.0,0.6306620209059234,4.5357737104825295,0.0,0.0,0.0,0.0,0.0,0.0,0.0,0.0,0.0,0.0,0.0,0.0,0.081967213114754,1.2,0.0,0.0,0.0,0.0,0.0,0.0,0.17,0.0,0.3625,0.086021505376344,-0.1666666666666666,0.0,0.0,0.0,0.0,0.0,0.0,False,True,False,False,False,False,False,False,False,False,False,False,False,False,False,False,False,False,False,False,False,False,False,False,False,True,False,False,False,False,False,False,False,False,False,False,False,False,False,False,False,False,False,False,False,False,False,False,False,False,False,False,False,False,False,False,False,False,False,False,False,False,False,False,False,False,False,False,False,False,False,False,False,False,False,False,True,False
0,1,0,0,0.0,0.5470383275261324,0.129783693843594,0.0,0.0,0.0,0.0,0.0,0.0,0.0,0.0,0.0,0.0,0.0,0.0,-0.0327868852459016,0.0666666666666666,0.0,0.0,0.0,0.0,0.0,0.0,0.29,-1.417910447761194,0.3625,0.086021505376344,-0.1666666666666666,0.6666666666666667,3.0,0.0,0.0,0.0,0.0,False,True,False,False,False,False,False,False,False,False,False,False,False,False,False,False,False,False,False,False,False,False,False,False,False,True,False,False,False,False,False,False,False,False,False,False,False,False,False,False,False,False,False,False,False,False,False,False,False,False,False,False,False,False,False,False,False,False,False,False,False,False,False,False,False,False,False,False,False,False,False,False,False,False,False,False,True,False
0,1,0,1,20.0,0.6515679442508711,1.2029950083194676,0.0,0.0,4.0,0.0,0.0,0.0,0.0,0.0,0.0,0.0,0.0,0.0,-0.0573770491803278,-0.3333333333333333,0.0,0.0,0.0,0.0,0.0,0.0,0.0,-0.6268656716417911,-0.3958333333333333,-0.5376344086021506,0.5,0.3333333333333333,3.0,0.0,0.0,0.0277777777777777,0.0588235294117647,False,True,False,False,False,False,False,False,False,False,False,False,False,False,False,False,False,False,False,False,False,True,False,False,False,False,False,False,False,False,False,False,False,False,False,False,False,False,False,False,False,False,False,False,False,False,False,False,False,False,False,False,False,False,False,False,False,False,False,False,False,False,False,False,False,False,False,False,False,False,False,False,False,False,False,False,True,False
0,1,0,0,0.0,0.5749128919860628,9.70881863560732,0.0,0.0,0.0,0.0,0.0,0.0,0.0,0.0,0.0,0.0,0.0,0.0,-0.0573770491803278,2.8666666666666667,0.0,0.0,0.0,0.0,0.0,0.0,0.12,-1.8955223880597012,0.3625,0.086021505376344,-0.1666666666666666,33.333333333333336,3.0,0.0,0.0,0.0,0.0,False,True,False,False,False,False,False,False,False,False,False,False,False,False,False,False,False,False,False,False,False,False,False,False,False,True,False,False,False,False,False,False,False,False,False,False,False,False,False,False,False,False,False,False,False,False,False,False,False,False,False,False,False,False,False,False,False,False,False,False,False,False,False,False,False,False,False,False,False,False,False,False,False,False,False,False,True,False
0,1,0,0,0.0,0.6202090592334495,0.3544093178036606,0.0,0.0,0.0,0.0,0.0,0.0,0.0,0.0,0.0,0.0,0.0,0.0,-0.0245901639344262,0.4,0.0,0.0,0.0,0.0,0.0,0.0,0.33,-1.1492537313432836,0.3625,0.086021505376344,-0.1666666666666666,0.3333333333333333,2.0,0.0,0.0,0.0,0.0,False,True,False,False,False,False,False,False,False,False,False,False,False,False,False,False,False,False,False,False,False,False,False,False,False,True,False,False,False,False,False,False,False,False,False,False,False,False,False,False,False,False,False,False,False,False,False,False,False,False,False,False,False,False,False,False,False,False,False,False,False,False,False,False,False,False,False,False,False,False,False,False,False,False,False,False,True,False
0,1,0,0,0.0,0.5365853658536586,0.2063227953410981,0.0,0.0,0.0,0.0,0.0,0.0,0.0,0.0,0.0,0.0,0.0,0.0,0.1229508196721311,1.1333333333333333,0.0,0.0,0.0,0.0,0.0,0.0,0.0,-0.5597014925373134,0.3625,0.086021505376344,-0.1666666666666666,0.3333333333333333,2.0,0.0,0.0,0.0,0.0,False,True,False,False,False,False,False,False,False,False,False,False,False,False,False,False,False,False,False,False,False,False,False,False,False,True,False,False,False,False,False,False,False,False,False,False,False,False,False,False,False,False,False,False,False,False,False,False,False,False,False,False,False,False,False,False,False,False,False,False,False,False,False,False,False,False,False,False,False,False,False,False,False,False,False,False,True,False
0,1,0,0,1.0,3.254355400696864,0.4708818635607321,0.0,0.0,0.0,0.0,0.0,0.0,0.0,0.0,0.0,0.0,0.0,0.0,-0.0573770491803278,-0.2666666666666666,0.0,0.0,0.0,0.0,0.0,0.0,1.0,-0.4850746268656716,0.0041666666666666,-0.2580645161290322,0.1666666666666666,0.3333333333333333,1.0,0.0,0.0,0.0,0.0,False,True,False,False,False,False,False,False,False,False,False,False,False,False,False,False,False,False,False,False,False,False,False,False,False,False,False,False,False,False,False,False,False,False,False,False,False,False,False,False,False,False,False,False,False,False,False,False,False,False,False,False,True,False,False,False,False,False,False,False,False,False,False,False,False,False,False,False,False,False,False,False,False,False,False,False,True,False
0,1,0,0,0.0,4.787456445993032,0.3993344425956738,0.0,0.0,0.0,0.0,0.0,0.0,0.0,0.0,0.0,0.0,0.0,0.0,-0.0573770491803278,-0.3333333333333333,0.0,0.0,0.0,0.0,0.0,0.0,0.0,-0.5970149253731343,-0.3125,-0.7204301075268819,0.3333333333333333,0.3333333333333333,2.0,0.0,0.0,0.0,0.0588235294117647,False,True,False,False,False,False,False,False,False,False,False,False,False,False,False,False,False,False,False,False,False,False,False,False,False,False,False,False,False,False,False,False,False,False,False,False,False,False,False,False,False,False,False,False,False,False,False,False,False,False,False,False,True,False,False,False,False,False,False,False,False,False,False,False,False,False,False,False,False,False,False,False,False,False,False,False,True,False
0,1,0,0,0.0,1.038327526132404,1.0965058236272878,0.0,0.0,0.0,0.0,0.0,0.0,0.0,0.0,0.0,0.0,0.0,0.0,-0.0573770491803278,-0.3333333333333333,0.0,0.0,0.0,0.0,0.0,0.0,0.0,-0.3134328358208955,0.3625,0.086021505376344,-0.1666666666666666,0.0,2.0,0.0,0.0,0.0,0.0,False,True,False,False,False,False,False,False,False,False,False,False,False,False,False,False,False,False,False,False,False,False,False,False,False,True,False,False,False,False,False,False,False,False,False,False,False,False,False,False,False,False,False,False,False,False,False,False,False,False,False,False,False,False,False,False,False,False,False,False,False,False,False,False,False,False,False,False,False,False,False,False,False,False,False,False,True,False
0,0,0,0,0.0,-0.0418118466898954,-0.0066555740432612,0.0,0.0,0.0,0.0,0.0,0.0,0.0,0.0,0.0,0.0,0.0,0.0,0.0081967213114754,0.6666666666666666,0.0,0.0,0.0,0.0,0.0,0.0,0.19,0.0,0.3625,0.086021505376344,-0.1666666666666666,0.3333333333333333,0.0,0.0,0.0,0.0,0.0,False,False,True,False,False,False,False,False,False,False,False,False,False,False,True,False,False,False,False,False,False,False,False,False,False,False,False,False,False,False,False,False,False,False,False,False,False,False,False,False,False,False,False,False,False,False,False,False,False,False,False,False,False,False,False,False,False,False,False,False,False,False,False,False,False,False,False,False,False,False,False,False,False,False,False,False,True,False
0,1,0,0,0.0,0.89198606271777,2.678868552412645,0.0,0.0,0.0,0.0,0.0,0.0,0.0,0.0,0.0,0.0,0.0,0.0,0.1721311475409836,1.5333333333333334,0.0,0.0,0.0,0.0,0.0,0.0,0.0,-1.6865671641791045,0.3625,0.086021505376344,-0.1666666666666666,1.0,1.0,0.0,0.0,0.0,0.0,False,True,False,False,False,False,False,False,False,False,False,False,False,False,False,False,False,False,False,False,False,False,False,False,False,True,False,False,False,False,False,False,False,False,False,False,False,False,False,False,False,False,False,False,False,False,False,False,False,False,False,False,False,False,False,False,False,False,False,False,False,False,False,False,False,False,False,False,False,False,False,False,False,False,False,False,True,False
0,0,0,0,0.0,-0.1881533101045296,-0.0765391014975041,0.0,0.0,0.0,0.0,0.0,0.0,0.0,0.0,0.0,0.0,0.0,0.0,0.9016393442622952,0.8666666666666667,0.0,0.0,4.0,14.285714285714285,-1.12,0.8333333333333334,0.0,0.0,-0.6208333333333333,-0.913978494623656,0.6666666666666667,0.0,0.0,0.0,0.0,2.7777777777777777,5.88235294117647,False,True,False,False,False,False,False,False,False,False,False,False,False,False,False,False,False,False,False,False,False,False,False,False,False,False,False,False,False,False,False,True,False,False,False,False,False,False,False,False,False,False,False,False,False,False,False,False,False,False,False,False,False,False,False,False,False,False,False,False,False,False,False,False,False,False,False,False,True,False,False,False,False,False,False,False,False,False
0,1,0,0,0.0,0.8048780487804879,44.42595673876872,0.0,0.0,0.0,0.0,0.0,0.0,0.0,0.0,0.0,0.0,0.0,0.0,-0.0491803278688524,-0.2,0.0,0.0,0.0,0.0,0.0,0.0,0.67,-1.4029850746268655,0.3625,0.086021505376344,-0.1666666666666666,0.3333333333333333,4.0,0.01,0.0,0.0,0.0,False,True,False,False,False,False,False,False,False,False,False,False,False,False,False,False,False,False,False,False,False,False,False,False,False,True,False,False,False,False,False,False,False,False,False,False,False,False,False,False,False,False,False,False,False,False,False,False,False,False,False,False,False,False,False,False,False,False,False,False,False,False,False,False,False,False,False,False,False,False,False,False,False,False,False,False,True,False
0,1,0,0,0.0,0.6132404181184669,1.3261231281198005,0.0,0.0,0.0,0.0,0.0,0.0,0.0,0.0,0.0,0.0,0.0,0.0,0.1393442622950819,1.2666666666666666,0.0,0.0,0.0,0.0,0.0,0.0,0.0,-1.7164179104477613,0.3625,0.086021505376344,-0.1666666666666666,1.3333333333333337,6.0,0.0,0.0,0.0,0.0,False,True,False,False,False,False,False,False,False,False,False,False,False,False,False,False,False,False,False,False,False,False,False,False,False,True,False,False,False,False,False,False,False,False,False,False,False,False,False,False,False,False,False,False,False,False,False,False,False,False,False,False,False,False,False,False,False,False,False,False,False,False,False,False,False,False,False,False,False,False,False,False,False,False,False,False,True,False
0,1,0,0,0.0,0.6062717770034843,2.3926788685524127,0.0,0.0,0.0,0.0,0.0,0.0,0.0,0.0,0.0,0.0,0.0,0.0,-0.040983606557377,-0.1333333333333333,0.0,0.0,0.0,0.0,0.0,0.0,0.5,0.0,0.3625,0.086021505376344,-0.1666666666666666,0.0,0.0,0.0,0.0,0.0,0.0,False,True,False,False,False,False,False,False,False,False,False,False,False,False,False,False,False,False,False,False,False,False,False,False,False,True,False,False,False,False,False,False,False,False,False,False,False,False,False,False,False,False,False,False,False,False,False,False,False,False,False,False,False,False,False,False,False,False,False,False,False,False,False,False,False,False,False,False,False,False,False,False,False,False,False,False,True,False
0,1,0,0,0.0,0.6480836236933798,8.119800332778702,0.0,0.0,0.0,0.0,0.0,0.0,0.0,0.0,0.0,0.0,0.0,0.0,0.0245901639344262,0.3333333333333333,0.0,0.0,0.0,0.0,0.0,0.0,0.0,-1.626865671641791,0.3625,0.086021505376344,-0.1666666666666666,1.0,2.0,0.0,0.0,0.0,0.0,False,True,False,False,False,False,False,False,False,False,False,False,False,False,False,False,False,False,False,False,False,False,False,False,False,True,False,False,False,False,False,False,False,False,False,False,False,False,False,False,False,False,False,False,False,False,False,False,False,False,False,False,False,False,False,False,False,False,False,False,False,False,False,False,False,False,False,False,False,False,False,False,False,False,False,False,True,False
0,0,0,0,0.0,-0.1846689895470383,-0.0748752079866888,0.0,0.0,0.0,0.0,0.0,0.0,0.0,0.0,0.0,0.0,0.0,0.0,0.1721311475409836,-0.2666666666666666,0.0,0.0,0.0,0.0,-1.24,5.666666666666667,0.0,0.0,-0.6916666666666667,-0.978494623655914,7.333333333333334,31.000000000000004,0.0,0.0,0.0,0.1944444444444444,0.0,False,False,True,False,False,False,False,False,False,False,False,False,False,False,False,False,False,False,False,False,False,False,False,False,False,False,False,False,False,False,False,False,False,False,False,False,False,False,False,False,False,False,False,True,False,False,False,False,False,False,False,False,False,False,False,False,False,False,False,False,False,False,False,False,False,False,False,False,False,False,False,False,False,False,False,False,True,False
0,1,0,0,0.0,0.8641114982578397,222.88519134775373,0.0,0.0,0.0,0.0,0.0,0.0,0.0,0.0,0.0,0.0,0.0,0.0,-0.0573770491803278,-0.3333333333333333,0.0,0.0,0.0,0.0,0.0,0.0,0.0,-1.8656716417910448,0.3625,0.086021505376344,-0.1666666666666666,6.666666666666667,7.000000000000001,0.0,0.0,0.0,0.0,False,True,False,False,False,False,False,False,False,False,False,False,False,False,False,False,False,False,False,False,False,False,False,False,False,True,False,False,False,False,False,False,False,False,False,False,False,False,False,False,False,False,False,False,False,False,False,False,False,False,False,False,False,False,False,False,False,False,False,False,False,False,False,False,False,False,False,False,False,False,False,False,False,False,False,False,True,False
0,1,0,0,0.0,0.8362369337979094,10.642262895174708,0.0,0.0,0.0,0.0,0.0,0.0,0.0,0.0,0.0,0.0,0.0,0.0,0.1147540983606557,2.6666666666666665,0.0,0.0,0.0,0.0,0.0,0.0,0.11,-0.5597014925373134,0.3625,0.086021505376344,-0.1666666666666666,0.3333333333333333,1.0,0.0,0.0,0.0,0.0,False,True,False,False,False,False,False,False,False,False,False,False,False,False,False,False,False,False,False,False,False,False,False,False,False,True,False,False,False,False,False,False,False,False,False,False,False,False,False,False,False,False,False,False,False,False,False,False,False,False,False,False,False,False,False,False,False,False,False,False,False,False,False,False,False,False,False,False,False,False,False,False,False,False,False,False,True,False
0,1,0,0,0.0,0.627177700348432,1.6139767054908485,0.0,0.0,0.0,0.0,0.0,0.0,0.0,0.0,0.0,0.0,0.0,0.0,0.081967213114754,1.0666666666666669,0.0,0.0,0.0,0.0,0.0,0.0,0.18,0.0,0.3625,0.086021505376344,-0.1666666666666666,0.0,0.0,0.0,0.0,0.0,0.0,False,True,False,False,False,False,False,False,False,False,False,False,False,False,False,False,False,False,False,False,False,False,False,False,False,True,False,False,False,False,False,False,False,False,False,False,False,False,False,False,False,False,False,False,False,False,False,False,False,False,False,False,False,False,False,False,False,False,False,False,False,False,False,False,False,False,False,False,False,False,False,False,False,False,False,False,True,False
0,1,0,0,0.0,0.5435540069686411,1.2562396006655574,0.0,0.0,0.0,0.0,0.0,0.0,0.0,0.0,0.0,0.0,0.0,0.0,0.0573770491803278,0.6,0.0,0.0,0.0,0.0,0.0,0.0,0.0,-0.6119402985074627,0.3625,0.086021505376344,-0.1666666666666666,0.3333333333333333,1.0,0.0,0.0,0.0,0.0,False,True,False,False,False,False,False,False,False,False,False,False,False,False,False,False,False,False,False,False,False,False,False,False,False,True,False,False,False,False,False,False,False,False,False,False,False,False,False,False,False,False,False,False,False,False,False,False,False,False,False,False,False,False,False,False,False,False,False,False,False,False,False,False,False,False,False,False,False,False,False,False,False,False,False,False,True,False
0,0,0,0,0.0,-0.0313588850174216,0.1530782029950083,0.0,0.0,0.0,0.0,0.0,0.0,0.0,0.0,0.0,0.0,0.0,0.0,0.7377049180327869,11.466666666666669,0.0,0.0,0.0,0.0,-0.0133333333333333,0.3333333333333333,0.01,0.0,0.3583333333333333,0.086021505376344,0.0,0.0,0.0,0.0,0.0,0.0,0.0,False,False,True,False,False,False,False,False,False,False,False,False,False,False,True,False,False,False,False,False,False,False,False,False,False,False,False,False,False,False,False,False,False,False,False,False,False,False,False,False,False,False,False,False,False,False,False,False,False,False,False,False,False,False,False,False,False,False,False,False,False,False,False,False,False,False,False,False,False,False,False,False,False,False,False,False,True,False
0,1,0,0,0.0,0.6376306620209059,6.958402662229617,0.0,0.0,0.0,0.0,0.0,0.0,0.0,0.0,0.0,0.0,0.0,0.0,0.0655737704918032,0.6666666666666666,0.0,0.0,0.0,0.0,0.0,0.0,0.0,0.0,0.3625,0.086021505376344,-0.1666666666666666,0.0,0.0,0.0,0.0,0.0,0.0,False,True,False,False,False,False,False,False,False,False,False,False,False,False,False,False,False,False,False,False,False,False,False,False,False,True,False,False,False,False,False,False,False,False,False,False,False,False,False,False,False,False,False,False,False,False,False,False,False,False,False,False,False,False,False,False,False,False,False,False,False,False,False,False,False,False,False,False,False,False,False,False,False,False,False,False,True,False
0,1,0,0,0.0,0.686411149825784,4.888519134775375,0.0,0.0,0.0,0.0,0.0,0.0,0.0,0.0,0.0,0.0,0.0,0.0,-0.0573770491803278,-0.3333333333333333,0.0,0.0,0.0,0.0,0.0,0.0,0.0,-1.4701492537313432,0.3625,0.086021505376344,-0.1666666666666666,0.6666666666666667,4.0,0.0,0.0,0.0,0.0,False,True,False,False,False,False,False,False,False,False,False,False,False,False,False,False,False,False,False,False,False,False,False,False,False,True,False,False,False,False,False,False,False,False,False,False,False,False,False,False,False,False,False,False,False,False,False,False,False,False,False,False,False,False,False,False,False,False,False,False,False,False,False,False,False,False,False,False,False,False,False,False,False,False,False,False,True,False
0,1,0,1,27.0,1.0662020905923344,1.8735440931780365,0.0,0.0,7.0,0.0,0.0,0.0,0.0,0.0,0.0,0.0,0.0,0.0,-0.0573770491803278,-0.3333333333333333,0.0,0.0,0.0,0.0,0.0,0.0,0.0,0.0,-0.3291666666666666,-0.6129032258064517,0.1666666666666666,0.0,0.0,0.0,0.0,0.0277777777777777,0.0,False,True,False,False,False,False,False,False,False,False,False,False,False,False,False,False,False,False,False,False,False,True,False,False,False,False,False,False,False,False,False,False,False,False,False,False,False,False,False,False,False,False,False,False,False,False,False,False,False,False,False,False,False,False,False,False,False,False,False,False,False,False,False,False,False,False,False,False,False,False,False,False,False,False,False,False,True,False
0,0,0,0,0.0,-0.1881533101045296,2.339434276206323,0.0,0.0,0.0,0.0,0.0,0.0,0.0,0.0,0.0,0.0,0.0,0.0,-0.0327868852459016,0.2666666666666666,0.25,0.1,0.0,0.0,0.0,0.0,0.2,-0.0149253731343283,0.3625,0.086021505376344,-0.1666666666666666,0.0,1.0,0.0,0.0,0.0,0.0,False,True,False,False,False,False,False,False,False,False,False,False,False,False,False,False,False,False,False,False,False,False,False,False,False,True,False,False,False,False,False,False,False,False,False,False,False,False,False,False,False,False,False,False,False,False,False,False,False,False,False,False,False,False,False,False,False,False,False,False,False,False,False,False,False,False,False,False,False,False,False,False,False,False,False,False,True,False
0,1,0,0,0.0,0.5400696864111498,2.0083194675540765,0.0,0.0,0.0,0.0,0.0,0.0,0.0,0.0,0.0,0.0,0.0,0.0,0.0327868852459016,0.5333333333333333,0.0,0.0,0.0,0.0,0.0,0.0,0.21,0.0,0.3625,0.086021505376344,-0.1666666666666666,0.0,0.0,0.0,0.0,0.0,0.0,False,True,False,False,False,False,False,False,False,False,False,False,False,False,False,False,False,False,False,False,False,False,False,False,False,True,False,False,False,False,False,False,False,False,False,False,False,False,False,False,False,False,False,False,False,False,False,False,False,False,False,False,False,False,False,False,False,False,False,False,False,False,False,False,False,False,False,False,False,False,False,False,False,False,False,False,True,False
0,0,0,0,0.0,0.0034843205574912,0.0099833610648918,0.0,0.0,0.0,0.0,0.0,0.0,0.0,0.0,0.0,0.0,0.0,0.0,4.122950819672131,33.666666666666664,0.0,0.0,0.0,0.0,0.0,0.0,0.0,0.0,0.3625,0.086021505376344,-0.1666666666666666,33.333333333333336,0.0,0.0,0.0,0.0,0.0,False,False,True,False,False,False,False,False,False,False,False,False,False,False,False,False,False,False,False,False,False,False,False,False,False,False,False,False,False,False,False,False,False,False,False,False,False,False,False,False,False,False,False,False,False,False,False,False,True,False,False,False,False,False,False,False,False,False,False,False,False,False,False,False,False,False,False,False,False,False,False,False,False,False,False,False,True,False
0,1,0,0,0.0,0.6132404181184669,0.4675540765391014,0.0,0.0,0.0,0.0,0.0,0.0,0.0,0.0,0.0,0.0,0.0,0.0,0.0245901639344262,1.0,0.0,0.0,0.0,0.0,0.0,0.0,0.14,-0.2761194029850746,0.3625,0.086021505376344,-0.1666666666666666,0.0,1.0,0.0,0.0,0.0,0.0,False,True,False,False,False,False,False,False,False,False,False,False,False,False,False,False,False,False,False,False,False,False,False,False,False,True,False,False,False,False,False,False,False,False,False,False,False,False,False,False,False,False,False,False,False,False,False,False,False,False,False,False,False,False,False,False,False,False,False,False,False,False,False,False,False,False,False,False,False,False,False,False,False,False,False,False,True,False
0,1,0,0,0.0,0.8606271777003485,32.8585690515807,0.0,0.0,0.0,0.0,0.0,0.0,0.0,0.0,0.0,0.0,0.0,0.0,0.0573770491803278,0.6,0.0,0.0,0.0,0.0,0.0,0.0,0.0,-1.7537313432835822,0.3625,0.086021505376344,-0.1666666666666666,1.6666666666666667,2.0,0.05,0.0,0.0,0.0,False,True,False,False,False,False,False,False,False,False,False,False,False,False,False,False,False,False,False,False,False,False,False,False,False,True,False,False,False,False,False,False,False,False,False,False,False,False,False,False,False,False,False,False,False,False,False,False,False,False,False,False,False,False,False,False,False,False,False,False,False,False,False,False,False,False,False,False,False,False,False,False,False,False,False,False,True,False
0,1,0,0,0.0,0.5226480836236934,2.8552412645590683,0.0,0.0,0.0,0.0,0.0,0.0,0.0,0.0,0.0,0.0,0.0,0.0,0.0737704918032786,0.7333333333333333,0.0,0.0,0.0,0.0,0.0,0.0,0.0,-0.1641791044776119,0.3625,0.086021505376344,-0.1666666666666666,0.0,1.0,0.0,0.0,0.0,0.0,False,True,False,False,False,False,False,False,False,False,False,False,False,False,False,False,False,False,False,False,False,False,False,False,False,True,False,False,False,False,False,False,False,False,False,False,False,False,False,False,False,False,False,False,False,False,False,False,False,False,False,False,False,False,False,False,False,False,False,False,False,False,False,False,False,False,False,False,False,False,False,False,False,False,False,False,True,False
0,0,0,0,0.0,307.7630662020906,-0.0765391014975041,0.0,0.0,0.0,0.0,0.0,0.0,0.0,0.0,0.0,0.0,0.0,0.0,0.0573770491803278,0.6,0.0,0.0,0.0,0.0,0.0,0.0,0.0,-0.3880597014925373,-0.225,-0.5806451612903226,0.0,12.666666666666668,2.0,0.0,0.0,0.0,0.0,False,True,False,False,False,False,False,False,False,False,False,False,False,False,False,False,False,False,False,False,False,False,True,False,False,False,False,False,False,False,False,False,False,False,False,False,False,False,False,False,False,False,False,False,False,False,False,False,False,False,False,False,False,False,False,False,False,False,False,False,False,False,False,False,False,False,False,False,False,False,False,False,False,False,False,False,True,False
0,1,0,0,0.0,0.5365853658536586,0.8668885191347754,0.0,0.0,0.0,0.0,0.0,0.0,0.0,0.0,0.0,0.0,0.0,0.0,0.0163934426229508,0.2666666666666666,0.0,0.0,0.0,0.0,0.0,0.0,0.0,-1.6492537313432836,0.2041666666666666,0.086021505376344,-0.1666666666666666,1.0,8.0,0.0,0.0,0.0,0.0,False,True,False,False,False,False,False,False,False,False,False,False,False,False,False,False,False,False,False,False,False,False,False,False,False,True,False,False,False,False,False,False,False,False,False,False,False,False,False,False,False,False,False,False,False,False,False,False,False,False,False,False,False,False,False,False,False,False,False,False,False,False,False,False,False,False,False,False,False,False,False,False,False,False,False,False,True,False
0,1,0,0,0.0,0.9721254355400696,6.214642262895175,0.0,0.0,0.0,0.0,0.0,0.0,0.0,0.0,0.0,0.0,0.0,0.0,0.0163934426229508,0.2666666666666666,0.0,0.0,0.0,0.0,0.0,0.0,0.0,0.0,0.3625,0.086021505376344,-0.1666666666666666,0.0,0.0,0.0,0.0,0.0,0.0,False,True,False,False,False,False,False,False,False,False,False,False,False,False,False,False,False,False,False,False,False,False,False,False,False,True,False,False,False,False,False,False,False,False,False,False,False,False,False,False,False,False,False,False,False,False,False,False,False,False,False,False,False,False,False,False,False,False,False,False,False,False,False,False,False,False,False,False,False,False,False,False,False,False,False,False,True,False
0,1,0,0,0.0,0.3797909407665505,20.232945091514143,0.0,0.0,0.0,0.0,0.0,0.0,0.0,0.0,0.0,0.0,0.0,0.0,-0.0573770491803278,-0.3333333333333333,0.0,0.0,0.0,0.0,0.0,0.0,0.0,-1.8955223880597012,0.3625,0.086021505376344,-0.1666666666666666,33.333333333333336,3.0,0.0,0.0,0.0,0.0,False,True,False,False,False,False,False,False,False,False,False,False,False,False,False,False,False,False,False,False,False,False,False,False,False,True,False,False,False,False,False,False,False,False,False,False,False,False,False,False,False,False,False,False,False,False,False,False,False,False,False,False,False,False,False,False,False,False,False,False,False,False,False,False,False,False,False,False,False,False,False,False,False,False,False,False,True,False
0,1,0,0,0.0,0.8710801393728222,5.64891846921797,0.0,0.0,0.0,0.0,0.0,0.0,0.0,0.0,0.0,0.0,0.0,0.0,0.1147540983606557,1.0666666666666669,0.0,0.0,0.0,0.0,0.0,0.0,0.0,-1.7388059701492538,0.3625,0.086021505376344,-0.1666666666666666,1.6666666666666667,4.0,0.0,0.0,0.0,0.0,False,True,False,False,False,False,False,False,False,False,False,False,False,False,False,False,False,False,False,False,False,False,False,False,False,True,False,False,False,False,False,False,False,False,False,False,False,False,False,False,False,False,False,False,False,False,False,False,False,False,False,False,False,False,False,False,False,False,False,False,False,False,False,False,False,False,False,False,False,False,False,False,False,False,False,False,True,False
0,0,0,0,0.0,0.0034843205574912,0.0116472545757071,0.0,0.0,0.0,0.0,0.0,0.0,0.0,0.0,0.0,0.0,0.0,0.0,4.081967213114754,33.333333333333336,0.0,0.0,0.0,0.0,0.0,0.0,0.0,0.0,0.3583333333333333,0.086021505376344,0.0,25.333333333333336,0.0,0.0,0.0,0.0,0.0,False,False,True,False,False,False,False,False,False,False,False,False,False,False,False,False,False,False,False,False,False,False,False,False,False,False,False,False,False,False,False,False,False,False,False,False,False,False,False,False,False,False,False,False,False,False,False,False,True,False,False,False,False,False,False,False,False,False,False,False,False,False,False,False,False,False,False,False,False,False,False,False,False,False,False,False,True,False
0,0,0,0,0.0,-0.0069686411149825,0.0083194675540765,0.0,0.0,0.0,0.0,0.0,0.0,0.0,0.0,0.0,0.0,0.0,0.0,4.057377049180328,33.13333333333333,0.0,0.0,0.0,0.0,0.0,0.0,0.0,0.0,0.3625,0.086021505376344,-0.1666666666666666,27.33333333333333,0.0,0.0,0.0,0.0,0.0,False,False,True,False,False,False,False,False,False,False,False,False,False,False,False,False,False,False,False,False,False,False,False,False,False,False,False,False,False,False,False,False,False,False,False,False,False,False,False,False,False,False,False,False,False,False,False,False,True,False,False,False,False,False,False,False,False,False,False,False,False,False,False,False,False,False,False,False,False,False,False,False,False,False,False,False,True,False
0,0,0,0,0.0,2.205574912891986,-0.0765391014975041,0.0,0.0,0.0,0.0,0.0,0.0,0.0,0.0,0.0,0.0,0.0,0.0,-0.0573770491803278,-0.3333333333333333,0.0,0.0,0.0,0.0,0.0,0.0,0.0,-0.3208955223880597,-0.6583333333333333,-0.935483870967742,0.3333333333333333,1.6666666666666667,0.0,0.0,0.0,0.0,0.0,False,True,False,False,False,False,False,False,False,False,False,False,False,False,False,False,False,False,False,False,False,False,True,False,False,False,False,False,False,False,False,False,False,False,False,False,False,False,False,False,False,False,False,False,False,False,False,False,False,False,False,False,False,False,False,False,False,False,False,False,False,False,False,False,False,False,False,False,False,False,False,False,False,False,False,False,True,False
0,1,0,0,0.0,0.9477351916376306,6.482529118136439,0.0,0.0,0.0,0.0,0.0,0.0,0.0,0.0,0.0,0.0,0.0,0.0,0.0245901639344262,1.8666666666666667,0.0,0.0,0.0,0.0,0.0,0.0,0.06,-1.664179104477612,0.3625,0.086021505376344,-0.1666666666666666,1.0,5.0,0.0,0.0,0.0,0.0,False,True,False,False,False,False,False,False,False,False,False,False,False,False,False,False,False,False,False,False,False,False,False,False,False,True,False,False,False,False,False,False,False,False,False,False,False,False,False,False,False,False,False,False,False,False,False,False,False,False,False,False,False,False,False,False,False,False,False,False,False,False,False,False,False,False,False,False,False,False,False,False,False,False,False,False,True,False
0,1,0,0,0.0,0.9790940766550522,0.324459234608985,0.0,0.0,0.0,0.0,0.0,0.0,0.0,0.0,0.0,0.0,0.0,0.0,-0.0327868852459016,0.7333333333333333,0.0,0.0,0.0,0.0,0.0,0.0,0.12,-1.1791044776119404,0.3458333333333333,0.086021505376344,-0.1666666666666666,0.3333333333333333,4.0,0.0,0.0,0.0,0.0,False,True,False,False,False,False,False,False,False,False,False,False,False,False,False,False,False,False,False,False,False,False,False,False,False,True,False,False,False,False,False,False,False,False,False,False,False,False,False,False,False,False,False,False,False,False,False,False,False,False,False,False,False,False,False,False,False,False,False,False,False,False,False,False,False,False,False,False,False,False,False,False,False,False,False,False,True,False
0,1,0,0,0.0,0.8048780487804879,0.389351081530782,0.0,0.0,0.0,0.0,0.0,0.0,0.0,0.0,0.0,0.0,0.0,0.0,-0.040983606557377,-0.2,0.0,0.0,0.0,0.0,0.0,0.0,0.0,0.0,0.3625,0.086021505376344,-0.1666666666666666,0.0,0.0,0.0,0.0,0.0,0.0,False,True,False,False,False,False,False,False,False,False,False,False,False,False,False,False,False,False,False,False,False,False,False,False,False,True,False,False,False,False,False,False,False,False,False,False,False,False,False,False,False,False,False,False,False,False,False,False,False,False,False,False,False,False,False,False,False,False,False,False,False,False,False,False,False,False,False,False,False,False,False,False,False,False,False,False,True,False
0,1,0,0,0.0,0.9163763066202092,1.9251247920133112,0.0,0.0,0.0,0.0,0.0,0.0,0.0,0.0,0.0,0.0,0.0,0.0,-0.0491803278688524,-0.2666666666666666,0.0,0.0,0.0,0.0,0.0,0.0,0.0,-1.626865671641791,0.3625,0.086021505376344,-0.1666666666666666,1.0,5.0,0.03,0.01,0.0,0.0,False,True,False,False,False,False,False,False,False,False,False,False,False,False,False,False,False,False,False,False,False,False,False,False,False,True,False,False,False,False,False,False,False,False,False,False,False,False,False,False,False,False,False,False,False,False,False,False,False,False,False,False,False,False,False,False,False,False,False,False,False,False,False,False,False,False,False,False,False,False,False,False,False,False,False,False,True,False
0,1,0,0,0.0,0.951219512195122,18.111480865224625,0.0,0.0,0.0,0.0,0.0,0.0,0.0,0.0,0.0,0.0,0.0,0.0,0.0901639344262295,0.9333333333333332,0.0,0.0,0.0,0.0,0.0,0.0,0.1,0.0,0.3625,0.086021505376344,-0.1666666666666666,0.0,0.0,0.0,0.0,0.0,0.0,False,True,False,False,False,False,False,False,False,False,False,False,False,False,False,False,False,False,False,False,False,False,False,False,False,True,False,False,False,False,False,False,False,False,False,False,False,False,False,False,False,False,False,False,False,False,False,False,False,False,False,False,False,False,False,False,False,False,False,False,False,False,False,False,False,False,False,False,False,False,False,False,False,False,False,False,True,False
0,1,0,0,0.0,0.975609756097561,0.3826955074875208,0.0,0.0,0.0,0.0,0.0,0.0,0.0,0.0,0.0,0.0,0.0,0.0,-0.040983606557377,-0.2,0.0,0.0,0.0,0.0,0.0,0.0,0.0,0.0,0.3208333333333333,0.0430107526881719,0.0,0.0,0.0,0.0,0.0,0.0,0.0,False,True,False,False,False,False,False,False,False,False,False,False,False,False,False,False,False,False,False,False,False,False,False,False,False,True,False,False,False,False,False,False,False,False,False,False,False,False,False,False,False,False,False,False,False,False,False,False,False,False,False,False,False,False,False,False,False,False,False,False,False,False,False,False,False,False,False,False,False,False,False,False,False,False,False,False,True,False
0,1,0,0,0.0,0.6724738675958188,21.440931780366057,0.0,0.0,0.0,0.0,0.0,0.0,0.0,0.0,0.0,0.0,0.0,0.0,0.0081967213114754,0.2666666666666666,0.0,0.0,0.0,0.0,0.0,0.0,0.2,0.0,0.3625,0.086021505376344,-0.1666666666666666,0.0,0.0,0.01,0.01,0.0,0.0,False,True,False,False,False,False,False,False,False,False,False,False,False,False,False,False,False,False,False,False,False,False,False,False,False,True,False,False,False,False,False,False,False,False,False,False,False,False,False,False,False,False,False,False,False,False,False,False,False,False,False,False,False,False,False,False,False,False,False,False,False,False,False,False,False,False,False,False,False,False,False,False,False,False,False,False,True,False
0,1,0,0,0.0,0.9547038327526132,3.923460898502496,0.0,0.0,0.0,0.0,0.0,0.0,0.0,0.0,0.0,0.0,0.0,0.0,-0.0491803278688524,0.2,0.0,0.0,0.0,0.0,0.0,0.0,0.22,-0.4626865671641791,0.3625,0.086021505376344,-0.1666666666666666,0.3333333333333333,4.0,0.0,0.0,0.0,0.0,False,True,False,False,False,False,False,False,False,False,False,False,False,False,False,False,False,False,False,False,False,False,False,False,False,True,False,False,False,False,False,False,False,False,False,False,False,False,False,False,False,False,False,False,False,False,False,False,False,False,False,False,False,False,False,False,False,False,False,False,False,False,False,False,False,False,False,False,False,False,False,False,False,False,False,False,True,False
0,1,0,0,0.0,0.951219512195122,0.7004991680532446,0.0,0.0,0.0,0.0,0.0,0.0,0.0,0.0,0.0,0.0,0.0,0.0,0.2049180327868852,2.7333333333333334,0.0,0.0,0.0,0.0,0.0,0.0,0.04,-0.7761194029850746,0.3625,0.086021505376344,-0.1666666666666666,0.3333333333333333,3.0,0.0,0.0,0.0,0.0,False,True,False,False,False,False,False,False,False,False,False,False,False,False,False,False,False,False,False,False,False,False,False,False,False,True,False,False,False,False,False,False,False,False,False,False,False,False,False,False,False,False,False,False,False,False,False,False,False,False,False,False,False,False,False,False,False,False,False,False,False,False,False,False,False,False,False,False,False,False,False,False,False,False,False,False,True,False
0,1,0,0,0.0,2.470383275261324,0.540765391014975,0.0,0.0,0.0,0.0,0.0,0.0,0.0,0.0,0.0,0.0,0.0,0.0,-0.0573770491803278,-0.3333333333333333,0.0,0.0,0.0,0.0,0.0,0.0,0.0,-1.2238805970149254,0.1125,-0.0537634408602151,0.5,0.3333333333333333,1.0,0.0,0.0,0.0,0.0588235294117647,False,True,False,False,False,False,False,False,False,False,False,False,False,False,False,False,False,False,False,False,False,False,False,False,False,False,False,False,False,False,False,False,False,False,False,False,False,False,False,False,False,False,False,False,False,False,False,False,False,False,False,False,True,False,False,False,False,False,False,False,False,False,False,False,False,False,False,False,False,False,False,False,False,False,False,False,True,False
0,1,0,0,12931.0,3.867595818815331,267.3544093178037,0.0,0.0,0.0,0.0,611.0,1.0,2.0,684.0,0.0,0.0,3.0,0.0,-0.0573770491803278,-0.3333333333333333,0.0,0.0,0.0,0.0,0.0,0.0,0.0,-1.6865671641791045,-0.6791666666666667,-0.8064516129032259,1.5000000000000002,1.0,0.0,0.0,0.0,0.0,0.0,False,True,False,False,False,False,False,False,False,False,False,False,False,False,False,False,False,False,False,False,False,False,False,False,False,False,False,False,False,False,False,False,False,False,False,False,False,False,False,False,False,False,False,False,False,False,False,False,False,False,False,False,False,False,False,False,False,False,True,False,False,False,False,False,False,False,False,False,False,False,False,False,False,False,False,False,True,False
0,0,0,0,0.0,-0.1533101045296167,0.3943427620632279,0.0,0.0,0.0,0.0,0.0,0.0,0.0,0.0,0.0,0.0,0.0,0.0,-0.0573770491803278,-0.3333333333333333,0.0,0.0,0.0,0.0,0.0,0.0,0.0,0.0,-0.6916666666666667,-0.978494623655914,0.1666666666666666,0.0,0.0,0.0,0.0,2.1944444444444446,0.0,False,True,False,False,False,False,False,False,False,False,False,False,False,False,False,False,False,False,False,False,True,False,False,False,False,False,False,False,False,False,False,False,False,False,False,False,False,False,False,False,False,False,False,False,False,False,False,False,False,False,False,False,False,False,False,False,False,False,False,False,False,False,False,False,False,False,False,False,False,False,False,False,False,False,False,False,True,False
0,0,0,0,0.0,0.0034843205574912,0.0066555740432612,0.0,0.0,0.0,0.0,0.0,0.0,0.0,0.0,0.0,0.0,0.0,0.0,2.180327868852459,17.866666666666667,0.0,0.0,0.0,0.0,0.0,0.0,0.0,0.0,0.3625,0.086021505376344,-0.1666666666666666,28.666666666666668,0.0,0.0,0.0,0.0,0.0,False,False,True,False,False,False,False,False,False,False,False,False,False,False,False,False,False,False,False,False,False,False,False,False,False,False,False,False,False,False,False,False,False,False,False,False,False,False,False,False,False,False,False,False,False,False,False,False,True,False,False,False,False,False,False,False,False,False,False,False,False,False,False,False,False,False,False,False,False,False,False,False,False,False,False,False,True,False
0,0,0,0,0.0,0.0,0.016638935108153,0.0,0.0,0.0,0.0,0.0,0.0,0.0,0.0,0.0,0.0,0.0,0.0,3.9836065573770494,32.53333333333333,0.0,0.0,0.0,0.0,0.0,0.0,0.0,0.0,0.3625,0.086021505376344,-0.1666666666666666,33.333333333333336,0.0,0.0,0.0,0.0,0.0,False,False,True,False,False,False,False,False,False,False,False,False,False,False,False,False,False,False,False,False,False,False,False,False,False,False,False,False,False,False,False,False,False,False,False,False,False,False,False,False,False,False,False,False,False,False,False,False,True,False,False,False,False,False,False,False,False,False,False,False,False,False,False,False,False,False,False,False,False,False,False,False,False,False,False,False,True,False
0,1,0,0,0.0,0.6306620209059234,6.083194675540765,0.0,0.0,0.0,0.0,0.0,0.0,0.0,0.0,0.0,0.0,0.0,0.0,-0.0491803278688524,-0.2666666666666666,0.0,0.0,0.0,0.0,0.0,0.0,0.0,-1.7238805970149254,0.0375,0.086021505376344,-0.1666666666666666,1.3333333333333337,5.0,0.0,0.0,0.0,0.0,False,True,False,False,False,False,False,False,False,False,False,False,False,False,False,False,False,False,False,False,False,False,False,False,False,True,False,False,False,False,False,False,False,False,False,False,False,False,False,False,False,False,False,False,False,False,False,False,False,False,False,False,False,False,False,False,False,False,False,False,False,False,False,False,False,False,False,False,False,False,False,False,False,False,False,False,True,False
0,1,0,0,0.0,0.7979094076655052,18.928452579034943,0.0,0.0,0.0,0.0,0.0,0.0,0.0,0.0,0.0,0.0,0.0,0.0,0.0081967213114754,0.2,0.0,0.0,0.0,0.0,0.0,0.0,0.0,-1.6492537313432836,0.3625,0.086021505376344,-0.1666666666666666,1.0,2.0,0.03,0.0,0.0,0.0,False,True,False,False,False,False,False,False,False,False,False,False,False,False,False,False,False,False,False,False,False,False,False,False,False,True,False,False,False,False,False,False,False,False,False,False,False,False,False,False,False,False,False,False,False,False,False,False,False,False,False,False,False,False,False,False,False,False,False,False,False,False,False,False,False,False,False,False,False,False,False,False,False,False,False,False,True,False
0,0,0,0,0.0,139.21254355400697,-0.0765391014975041,0.0,0.0,0.0,0.0,0.0,0.0,0.0,0.0,0.0,0.0,0.0,0.0,-0.040983606557377,-0.2,0.0,0.0,0.0,0.0,0.0,0.0,0.0,-0.8432835820895522,-0.0958333333333333,-0.7419354838709679,0.5,7.666666666666667,40.0,0.0,0.0,0.0555555555555555,0.0,True,False,False,False,False,False,False,False,False,False,False,False,False,False,False,False,True,False,False,False,False,False,False,False,False,False,False,False,False,False,False,False,False,False,False,False,False,False,False,False,False,False,False,False,False,False,False,False,False,False,False,False,False,False,False,False,False,False,False,False,False,False,False,False,False,False,False,False,False,False,False,False,False,False,False,False,True,False
0,1,0,0,0.0,0.9128919860627178,1.2828618968386023,0.0,0.0,0.0,0.0,0.0,0.0,0.0,0.0,0.0,0.0,0.0,0.0,0.0245901639344262,1.4666666666666666,0.0,0.0,0.0,0.0,0.0,0.0,0.21,-1.5298507462686568,0.3625,0.086021505376344,-0.1666666666666666,0.6666666666666667,1.0,0.0,0.0,0.0,0.0,False,True,False,False,False,False,False,False,False,False,False,False,False,False,False,False,False,False,False,False,False,False,False,False,False,True,False,False,False,False,False,False,False,False,False,False,False,False,False,False,False,False,False,False,False,False,False,False,False,False,False,False,False,False,False,False,False,False,False,False,False,False,False,False,False,False,False,False,False,False,False,False,False,False,False,False,True,False
0,1,0,0,0.0,0.5923344947735192,0.5158069883527454,0.0,0.0,0.0,0.0,0.0,0.0,0.0,0.0,0.0,0.0,0.0,0.0,-0.0573770491803278,0.6,0.0,0.0,0.0,0.0,0.0,0.0,0.2,-1.888059701492537,0.3625,0.086021505376344,-0.1666666666666666,16.666666666666668,6.0,0.0,0.0,0.0,0.0,False,True,False,False,False,False,False,False,False,False,False,False,False,False,False,False,False,False,False,False,False,False,False,False,False,True,False,False,False,False,False,False,False,False,False,False,False,False,False,False,False,False,False,False,False,False,False,False,False,False,False,False,False,False,False,False,False,False,False,False,False,False,False,False,False,False,False,False,False,False,False,False,False,False,False,False,True,False
0,1,0,0,0.0,0.6655052264808362,4.006655574043261,0.0,0.0,0.0,0.0,0.0,0.0,0.0,0.0,0.0,0.0,0.0,0.0,0.0081967213114754,0.6,0.0,0.0,0.0,0.0,0.0,0.0,0.13,0.0,0.3625,0.086021505376344,-0.1666666666666666,0.0,0.0,0.0,0.0,0.0,0.0,False,True,False,False,False,False,False,False,False,False,False,False,False,False,False,False,False,False,False,False,False,False,False,False,False,True,False,False,False,False,False,False,False,False,False,False,False,False,False,False,False,False,False,False,False,False,False,False,False,False,False,False,False,False,False,False,False,False,False,False,False,False,False,False,False,False,False,False,False,False,False,False,False,False,False,False,True,False
0,1,0,0,1.0,5.679442508710801,0.3943427620632279,0.0,0.0,0.0,0.0,0.0,0.0,0.0,0.0,0.0,0.0,0.0,0.0,-0.0573770491803278,-0.0666666666666666,0.0,0.0,0.0,0.0,0.0,0.0,1.0,0.0,-0.6833333333333333,-0.9677419354838712,0.1666666666666666,0.0,0.0,0.0,0.0,0.1111111111111111,0.0,False,True,False,False,False,False,False,False,False,False,False,False,False,False,False,False,False,False,False,False,False,False,False,False,False,False,False,False,False,False,False,False,False,False,False,False,False,False,False,False,False,False,False,False,False,False,False,False,False,False,False,False,True,False,False,False,False,False,False,False,False,False,False,False,False,False,False,False,False,False,False,False,False,False,False,False,True,False
0,1,0,0,0.0,0.8710801393728222,2.2196339434276204,0.0,0.0,0.0,0.0,0.0,0.0,0.0,0.0,0.0,0.0,0.0,0.0,-0.040983606557377,-0.2,0.0,0.0,0.0,0.0,0.0,0.0,0.0,0.0,0.2166666666666666,-0.0645161290322581,0.1666666666666666,0.0,0.0,0.0,0.0,0.2222222222222222,0.0,False,True,False,False,False,False,False,False,False,False,False,False,False,False,False,False,False,False,False,False,False,False,False,False,False,True,False,False,False,False,False,False,False,False,False,False,False,False,False,False,False,False,False,False,False,False,False,False,False,False,False,False,False,False,False,False,False,False,False,False,False,False,False,False,False,False,False,False,False,False,False,False,False,False,False,False,True,False
0,1,0,0,0.0,0.4599303135888501,79.49750415973378,0.0,0.0,0.0,0.0,0.0,0.0,0.0,0.0,0.0,0.0,0.0,0.0,-0.040983606557377,-0.2,0.0,0.0,0.0,0.0,0.0,0.0,0.0,-1.8805970149253728,0.3625,0.086021505376344,-0.1666666666666666,11.000000000000002,8.0,0.0,0.0,0.0,0.0,False,True,False,False,False,False,False,False,False,False,False,False,False,False,False,False,False,False,False,False,False,False,False,False,False,True,False,False,False,False,False,False,False,False,False,False,False,False,False,False,False,False,False,False,False,False,False,False,False,False,False,False,False,False,False,False,False,False,False,False,False,False,False,False,False,False,False,False,False,False,False,False,False,False,False,False,True,False
0,0,0,0,0.0,-0.0383275261324041,0.1580698835274542,0.0,0.0,0.0,0.0,0.0,0.0,0.0,0.0,0.0,0.0,0.0,0.0,1.0081967213114753,13.666666666666666,0.0,0.0,0.0,0.0,0.0,0.0,0.01,0.0,0.3583333333333333,0.086021505376344,0.0,0.0,0.0,0.0,0.0,0.0,0.0,False,False,True,False,False,False,False,False,False,False,False,False,False,False,True,False,False,False,False,False,False,False,False,False,False,False,False,False,False,False,False,False,False,False,False,False,False,False,False,False,False,False,False,False,False,False,False,False,False,False,False,False,False,False,False,False,False,False,False,False,False,False,False,False,False,False,False,False,False,False,False,False,False,False,False,False,True,False
0,1,0,0,0.0,0.9198606271777005,35.85524126455907,0.0,0.0,0.0,0.0,0.0,0.0,0.0,0.0,0.0,0.0,0.0,0.0,-0.0573770491803278,0.0,0.0,0.0,0.0,0.0,0.0,0.0,0.33,-1.888059701492537,0.3625,0.086021505376344,-0.1666666666666666,16.666666666666668,3.0,0.0,0.0,0.0,0.0,False,True,False,False,False,False,False,False,False,False,False,False,False,False,False,False,False,False,False,False,False,False,False,False,False,True,False,False,False,False,False,False,False,False,False,False,False,False,False,False,False,False,False,False,False,False,False,False,False,False,False,False,False,False,False,False,False,False,False,False,False,False,False,False,False,False,False,False,False,False,False,False,False,False,False,False,True,False
0,1,0,0,0.0,0.7735191637630662,0.9351081530782028,0.0,0.0,0.0,0.0,0.0,0.0,0.0,0.0,0.0,0.0,0.0,0.0,-0.0163934426229508,0.0,0.0,0.0,0.0,0.0,0.0,0.0,0.0,-1.3656716417910448,0.3625,0.086021505376344,-0.1666666666666666,0.3333333333333333,2.0,0.0,0.0,0.0,0.0,False,True,False,False,False,False,False,False,False,False,False,False,False,False,False,False,False,False,False,False,False,False,False,False,False,True,False,False,False,False,False,False,False,False,False,False,False,False,False,False,False,False,False,False,False,False,False,False,False,False,False,False,False,False,False,False,False,False,False,False,False,False,False,False,False,False,False,False,False,False,False,False,False,False,False,False,True,False
0,1,0,0,0.0,0.8083623693379791,1.454242928452579,0.0,0.0,0.0,0.0,0.0,0.0,0.0,0.0,0.0,0.0,0.0,0.0,0.0655737704918032,0.8666666666666667,0.0,0.0,0.0,0.0,0.0,0.0,0.16,-0.7686567164179104,0.3625,0.086021505376344,-0.1666666666666666,0.3333333333333333,1.0,0.0,0.0,0.0,0.0,False,True,False,False,False,False,False,False,False,False,False,False,False,False,False,False,False,False,False,False,False,False,False,False,False,True,False,False,False,False,False,False,False,False,False,False,False,False,False,False,False,False,False,False,False,False,False,False,False,False,False,False,False,False,False,False,False,False,False,False,False,False,False,False,False,False,False,False,False,False,False,False,False,False,False,False,True,False
0,1,0,0,0.0,0.89198606271777,3.94675540765391,0.0,0.0,0.0,0.0,0.0,0.0,0.0,0.0,0.0,0.0,0.0,0.0,-0.0573770491803278,-0.3333333333333333,0.0,0.0,0.0,0.0,0.0,0.0,0.0,-0.1865671641791045,0.3625,0.086021505376344,-0.1666666666666666,0.0,4.0,0.0,0.0,0.0,0.0,False,True,False,False,False,False,False,False,False,False,False,False,False,False,False,False,False,False,False,False,False,False,False,False,False,True,False,False,False,False,False,False,False,False,False,False,False,False,False,False,False,False,False,False,False,False,False,False,False,False,False,False,False,False,False,False,False,False,False,False,False,False,False,False,False,False,False,False,False,False,False,False,False,False,False,False,True,False
0,1,0,0,0.0,0.7839721254355401,1.0965058236272878,0.0,0.0,0.0,0.0,0.0,0.0,0.0,0.0,0.0,0.0,0.0,0.0,-0.0491803278688524,-0.1333333333333333,0.0,0.0,0.0,0.0,0.0,0.0,0.5,-0.7686567164179104,0.3625,0.086021505376344,-0.1666666666666666,0.3333333333333333,3.0,0.0,0.0,0.0,0.0,False,True,False,False,False,False,False,False,False,False,False,False,False,False,False,False,False,False,False,False,False,False,False,False,False,True,False,False,False,False,False,False,False,False,False,False,False,False,False,False,False,False,False,False,False,False,False,False,False,False,False,False,False,False,False,False,False,False,False,False,False,False,False,False,False,False,False,False,False,False,False,False,False,False,False,False,True,False
0,1,0,0,0.0,0.627177700348432,5.307820299500832,0.0,0.0,0.0,0.0,0.0,0.0,0.0,0.0,0.0,0.0,0.0,0.0,0.0,1.0,0.0,0.0,0.0,0.0,0.0,0.0,0.1,0.0,0.3625,0.086021505376344,-0.1666666666666666,0.0,0.0,0.0,0.0,0.0,0.0,False,True,False,False,False,False,False,False,False,False,False,False,False,False,False,False,False,False,False,False,False,False,False,False,False,True,False,False,False,False,False,False,False,False,False,False,False,False,False,False,False,False,False,False,False,False,False,False,False,False,False,False,False,False,False,False,False,False,False,False,False,False,False,False,False,False,False,False,False,False,False,False,False,False,False,False,True,False
0,1,0,0,0.0,0.951219512195122,3.059900166389351,0.0,0.0,0.0,0.0,0.0,0.0,0.0,0.0,0.0,0.0,0.0,0.0,0.0,0.1333333333333333,0.0,0.0,0.0,0.0,0.0,0.0,0.0,-0.5223880597014925,0.3625,0.086021505376344,-0.1666666666666666,0.3333333333333333,1.0,0.0,0.0,0.0,0.0,False,True,False,False,False,False,False,False,False,False,False,False,False,False,False,False,False,False,False,False,False,False,False,False,False,True,False,False,False,False,False,False,False,False,False,False,False,False,False,False,False,False,False,False,False,False,False,False,False,False,False,False,False,False,False,False,False,False,False,False,False,False,False,False,False,False,False,False,False,False,False,False,False,False,False,False,True,False
0,0,0,0,0.0,-0.1881533101045296,-0.0765391014975041,0.0,0.0,0.0,0.0,0.0,0.0,0.0,0.0,0.0,0.0,0.0,0.0,-0.0573770491803278,-0.3333333333333333,0.0,0.0,4.0,14.285714285714285,0.0,0.0,0.0,0.0,-0.6958333333333333,-0.9892473118279572,3.833333333333333,7.666666666666667,0.0,0.0,0.0,0.638888888888889,5.88235294117647,False,True,False,False,False,False,False,False,False,False,False,False,False,False,False,False,False,False,False,False,False,False,False,False,False,False,False,False,False,False,False,False,False,False,False,False,False,False,False,False,False,False,False,True,False,False,False,False,False,False,False,False,False,False,False,False,False,False,False,False,False,False,False,False,False,False,False,False,False,False,False,True,False,False,False,False,False,False
0,0,0,0,0.0,-0.0348432055749128,-0.0033277870216306,0.0,0.0,0.0,0.0,0.0,0.0,0.0,0.0,0.0,0.0,0.0,0.0,0.4262295081967213,8.933333333333334,0.0,0.0,0.0,0.0,0.0,0.0,0.01,0.0,0.3583333333333333,0.086021505376344,0.0,0.3333333333333333,0.0,0.0,0.0,0.0,0.0,False,False,True,False,False,False,False,False,False,False,False,False,False,False,True,False,False,False,False,False,False,False,False,False,False,False,False,False,False,False,False,False,False,False,False,False,False,False,False,False,False,False,False,False,False,False,False,False,False,False,False,False,False,False,False,False,False,False,False,False,False,False,False,False,False,False,False,False,False,False,False,False,False,False,False,False,True,False
0,1,0,0,0.0,272.2926829268293,1.9251247920133112,0.0,0.0,0.0,0.0,0.0,0.0,0.0,0.0,0.0,0.0,0.0,0.0,-0.0327868852459016,0.6,0.0,0.0,0.0,0.0,0.0,0.0,0.27,0.0,0.3625,0.086021505376344,-0.1666666666666666,0.0,0.0,0.0,0.0,0.0,0.0,False,True,False,False,False,False,False,False,False,False,False,False,False,False,False,False,False,False,False,False,False,False,False,False,False,True,False,False,False,False,False,False,False,False,False,False,False,False,False,False,False,False,False,False,False,False,False,False,False,False,False,False,False,False,False,False,False,False,False,False,False,False,False,False,False,False,False,False,False,False,False,False,False,False,False,False,True,False
0,1,0,0,0.0,0.9477351916376306,1.479201331114809,0.0,0.0,0.0,0.0,0.0,0.0,0.0,0.0,0.0,0.0,0.0,0.0,-0.0081967213114754,0.9333333333333332,0.0,0.0,0.0,0.0,0.0,0.0,0.1,-1.8507462686567164,0.3625,0.086021505376344,-0.1666666666666666,4.666666666666667,3.0,0.0,0.0,0.0,0.0,False,True,False,False,False,False,False,False,False,False,False,False,False,False,False,False,False,False,False,False,False,False,False,False,False,True,False,False,False,False,False,False,False,False,False,False,False,False,False,False,False,False,False,False,False,False,False,False,False,False,False,False,False,False,False,False,False,False,False,False,False,False,False,False,False,False,False,False,False,False,False,False,False,False,False,False,True,False
0,1,0,0,0.0,0.5156794425087108,4.908485856905158,0.0,0.0,0.0,0.0,0.0,0.0,0.0,0.0,0.0,0.0,0.0,0.0,0.1967213114754098,3.066666666666667,0.0,0.0,0.0,0.0,0.0,0.0,0.06,0.0,0.3625,0.086021505376344,-0.1666666666666666,0.0,0.0,0.0,0.0,0.0,0.0,False,True,False,False,False,False,False,False,False,False,False,False,False,False,False,False,False,False,False,False,False,False,False,False,False,True,False,False,False,False,False,False,False,False,False,False,False,False,False,False,False,False,False,False,False,False,False,False,False,False,False,False,False,False,False,False,False,False,False,False,False,False,False,False,False,False,False,False,False,False,False,False,False,False,False,False,True,False
0,0,0,0,0.0,-0.1881533101045296,-0.0765391014975041,0.0,0.0,0.0,0.0,0.0,0.0,0.0,0.0,0.0,0.0,0.0,0.0,1.6065573770491803,0.8,0.0,0.0,4.0,14.285714285714285,-1.2133333333333334,1.1666666666666667,0.0,0.0,-0.625,-0.913978494623656,1.0000000000000002,0.0,0.0,0.0,0.0,2.7777777777777777,5.88235294117647,False,True,False,False,False,False,False,False,False,False,False,False,False,False,False,False,False,False,False,False,False,False,False,False,False,False,False,False,False,False,False,False,False,False,False,False,False,False,False,False,False,False,False,False,False,False,False,False,True,False,False,False,False,False,False,False,False,False,False,False,False,False,False,False,False,False,False,False,True,False,False,False,False,False,False,False,False,False
0,1,0,0,0.0,0.6341463414634146,17.399334442595674,0.0,0.0,0.0,0.0,0.0,0.0,0.0,0.0,0.0,0.0,0.0,0.0,-0.040983606557377,-0.2,0.0,0.0,0.0,0.0,0.0,0.0,0.0,0.0,0.3625,0.086021505376344,-0.1666666666666666,0.0,0.0,0.0,0.0,0.0,0.0,False,True,False,False,False,False,False,False,False,False,False,False,False,False,False,False,False,False,False,False,False,False,False,False,False,True,False,False,False,False,False,False,False,False,False,False,False,False,False,False,False,False,False,False,False,False,False,False,False,False,False,False,False,False,False,False,False,False,False,False,False,False,False,False,False,False,False,False,False,False,False,False,False,False,False,False,True,False
0,1,0,0,0.0,0.4982578397212543,2.394342762063228,0.0,0.0,0.0,0.0,0.0,0.0,0.0,0.0,0.0,0.0,0.0,0.0,0.0655737704918032,0.7333333333333333,0.0,0.0,0.0,0.0,0.0,0.0,0.12,0.0,0.3625,0.086021505376344,-0.1666666666666666,0.0,0.0,0.0,0.0,0.0,0.0,False,True,False,False,False,False,False,False,False,False,False,False,False,False,False,False,False,False,False,False,False,False,False,False,False,True,False,False,False,False,False,False,False,False,False,False,False,False,False,False,False,False,False,False,False,False,False,False,False,False,False,False,False,False,False,False,False,False,False,False,False,False,False,False,False,False,False,False,False,False,False,False,False,False,False,False,True,False
0,0,0,0,0.0,-0.0348432055749128,0.1114808652246256,0.0,0.0,0.0,0.0,0.0,0.0,0.0,0.0,0.0,0.0,0.0,0.0,-0.040983606557377,-0.0666666666666666,0.0,0.0,0.0,0.0,0.0,0.0,0.4,0.0,0.3541666666666667,0.075268817204301,0.0,0.0,0.0,0.0,0.0,0.0,0.0,False,False,True,False,False,False,False,False,False,False,False,False,False,False,True,False,False,False,False,False,False,False,False,False,False,False,False,False,False,False,False,False,False,False,False,False,False,False,False,False,False,False,False,False,False,False,False,False,False,False,False,False,False,False,False,False,False,False,False,False,False,False,False,False,False,False,False,False,False,False,False,False,False,False,False,False,True,False
0,1,0,0,0.0,2.320557491289198,0.3910149750415973,0.0,0.0,0.0,0.0,0.0,0.0,0.0,0.0,0.0,0.0,0.0,0.0,-0.0573770491803278,-0.2666666666666666,0.0,0.0,0.0,0.0,0.0,0.0,1.0,-0.7238805970149254,-0.3583333333333333,-0.4301075268817205,0.8333333333333333,0.3333333333333333,0.0,0.01,0.0,0.0,0.0,False,True,False,False,False,False,False,False,False,False,False,False,False,False,False,False,False,False,False,False,False,False,False,False,False,False,False,False,False,False,False,False,False,False,False,False,False,False,False,False,False,False,False,False,False,False,False,False,False,False,False,False,True,False,False,False,False,False,False,False,False,False,False,False,False,False,False,False,False,False,False,False,False,False,False,False,True,False
0,1,0,0,0.0,0.627177700348432,1.2096505823627288,0.0,0.0,0.0,0.0,0.0,0.0,0.0,0.0,0.0,0.0,0.0,0.0,0.2459016393442623,2.1333333333333333,0.0,0.0,0.0,0.0,0.0,0.0,0.0,0.0,0.3625,0.086021505376344,-0.1666666666666666,0.0,0.0,0.0,0.0,0.0,0.0,False,True,False,False,False,False,False,False,False,False,False,False,False,False,False,False,False,False,False,False,False,False,False,False,False,True,False,False,False,False,False,False,False,False,False,False,False,False,False,False,False,False,False,False,False,False,False,False,False,False,False,False,False,False,False,False,False,False,False,False,False,False,False,False,False,False,False,False,False,False,False,False,False,False,False,False,True,False
0,1,0,0,0.0,0.926829268292683,0.3727121464226289,0.0,0.0,0.0,0.0,0.0,0.0,0.0,0.0,0.0,0.0,0.0,0.0,0.0081967213114754,0.3333333333333333,0.0,0.0,0.0,0.0,0.0,0.0,0.27,0.0,-0.0708333333333333,-0.3548387096774194,5.333333333333334,0.0,0.0,0.01,0.0,1.0555555555555556,0.0588235294117647,False,True,False,False,False,False,False,False,False,False,False,False,False,False,False,False,False,False,False,False,False,False,False,False,False,True,False,False,False,False,False,False,False,False,False,False,False,False,False,False,False,False,False,False,False,False,False,False,False,False,False,False,False,False,False,False,False,False,False,False,False,False,False,False,False,False,False,False,False,False,False,False,False,False,False,False,True,False
0,1,0,0,0.0,0.6306620209059234,21.259567387687188,0.0,0.0,0.0,0.0,0.0,0.0,0.0,0.0,0.0,0.0,0.0,0.0,-0.0491803278688524,-0.2666666666666666,0.0,0.0,0.0,0.0,0.0,0.0,0.0,0.0,0.3625,0.086021505376344,-0.1666666666666666,0.0,0.0,0.0,0.0,0.0,0.0,False,True,False,False,False,False,False,False,False,False,False,False,False,False,False,False,False,False,False,False,False,False,False,False,False,True,False,False,False,False,False,False,False,False,False,False,False,False,False,False,False,False,False,False,False,False,False,False,False,False,False,False,False,False,False,False,False,False,False,False,False,False,False,False,False,False,False,False,False,False,False,False,False,False,False,False,True,False
0,1,0,0,0.0,0.5853658536585366,2.286189683860233,0.0,0.0,0.0,0.0,0.0,0.0,0.0,0.0,0.0,0.0,0.0,0.0,0.0245901639344262,0.3333333333333333,0.0,0.0,0.0,0.0,0.0,0.0,0.0,-1.3656716417910448,0.3625,0.086021505376344,-0.1666666666666666,0.3333333333333333,1.0,0.0,0.0,0.0,0.0,False,True,False,False,False,False,False,False,False,False,False,False,False,False,False,False,False,False,False,False,False,False,False,False,False,True,False,False,False,False,False,False,False,False,False,False,False,False,False,False,False,False,False,False,False,False,False,False,False,False,False,False,False,False,False,False,False,False,False,False,False,False,False,False,False,False,False,False,False,False,False,False,False,False,False,False,True,False
0,1,0,0,0.0,0.9303135888501742,3.1497504159733776,0.0,0.0,0.0,0.0,0.0,0.0,0.0,0.0,0.0,0.0,0.0,0.0,-0.0327868852459016,-0.1333333333333333,0.0,0.0,0.0,0.0,0.0,0.0,0.0,-1.7388059701492538,0.3625,0.086021505376344,-0.1666666666666666,1.6666666666666667,5.0,0.0,0.0,0.0,0.0,False,True,False,False,False,False,False,False,False,False,False,False,False,False,False,False,False,False,False,False,False,False,False,False,False,True,False,False,False,False,False,False,False,False,False,False,False,False,False,False,False,False,False,False,False,False,False,False,False,False,False,False,False,False,False,False,False,False,False,False,False,False,False,False,False,False,False,False,False,False,False,False,False,False,False,False,True,False
0,1,0,0,0.0,0.9303135888501742,0.9584026622296172,0.0,0.0,0.0,0.0,0.0,0.0,0.0,0.0,0.0,0.0,0.0,0.0,0.081967213114754,1.1333333333333333,0.0,0.0,0.0,0.0,0.0,0.0,0.17,0.0,0.3625,0.086021505376344,-0.1666666666666666,0.0,0.0,0.0,0.0,0.0,0.0,False,True,False,False,False,False,False,False,False,False,False,False,False,False,False,False,False,False,False,False,False,False,False,False,False,True,False,False,False,False,False,False,False,False,False,False,False,False,False,False,False,False,False,False,False,False,False,False,False,False,False,False,False,False,False,False,False,False,False,False,False,False,False,False,False,False,False,False,False,False,False,False,False,False,False,False,True,False
0,1,0,0,0.0,0.794425087108014,7.4642262895174705,0.0,0.0,0.0,0.0,0.0,0.0,0.0,0.0,0.0,0.0,0.0,0.0,-0.0163934426229508,0.0,0.0,0.0,0.0,0.0,0.0,0.0,0.0,-1.1865671641791045,0.3625,0.086021505376344,-0.1666666666666666,0.3333333333333333,2.0,0.0,0.0,0.0,0.0,False,True,False,False,False,False,False,False,False,False,False,False,False,False,False,False,False,False,False,False,False,False,False,False,False,True,False,False,False,False,False,False,False,False,False,False,False,False,False,False,False,False,False,False,False,False,False,False,False,False,False,False,False,False,False,False,False,False,False,False,False,False,False,False,False,False,False,False,False,False,False,False,False,False,False,False,True,False
0,0,0,0,0.0,-0.1881533101045296,-0.0765391014975041,0.0,0.0,0.0,0.0,0.0,0.0,0.0,0.0,0.0,0.0,0.0,0.0,0.8852459016393442,0.1333333333333333,0.0,0.0,4.0,14.285714285714285,-1.24,1.1666666666666667,0.0,0.0,-0.6666666666666666,-0.956989247311828,0.8333333333333333,0.0,0.0,0.0,0.0,2.7777777777777777,5.88235294117647,False,True,False,False,False,False,False,False,True,False,False,False,False,False,False,False,False,False,False,False,False,False,False,False,False,False,False,False,False,False,False,False,False,False,False,False,False,False,False,False,False,False,False,False,False,False,False,False,False,False,False,False,False,False,False,False,False,False,False,False,False,False,False,False,False,False,False,False,True,False,False,False,False,False,False,False,False,False
