duration,protocol_type,service,flag,src_bytes,dst_bytes,wrong_fragment,hot,logged_in,num_compromised,count,srv_count,serror_rate,srv_serror_rate,rerror_rate,attack
-0.1555376202843612,-0.1763073819076002,-0.6726474111991445,0.6622091431836304,-0.0215275033488188,0.0238881655231167,-0.0591052551649595,-0.113523716802806,1.123080612062059,-0.0164939239264168,-0.5914457153983236,-0.3157933040989071,-0.348476665070742,-0.3473986184112497,-0.573027704484334,1
-0.1555376202843612,-0.1763073819076002,-0.6726474111991445,0.6622091431836304,-0.0214809707100007,0.0972647849047037,-0.0591052551649595,-0.113523716802806,1.123080612062059,-0.0164939239264168,-0.5914457153983236,-0.3157933040989071,-0.348476665070742,-0.3473986184112497,-0.573027704484334,1
-0.1548269770516002,-0.1763073819076002,1.2134196996247832,0.6622091431836304,-0.018815919577692,-0.081252000077603,-0.0591052551649595,-0.113523716802806,1.123080612062059,-0.0164939239264168,-0.6070056352261923,-0.3157933040989071,-0.348476665070742,-0.3473986184112497,-0.573027704484334,1
-0.1555376202843612,-0.1763073819076002,-0.6726474111991445,0.6622091431836304,-0.0212271563164475,-0.0472734884693022,-0.0591052551649595,-0.113523716802806,1.123080612062059,-0.0164939239264168,-0.4669663567753738,-0.0912317003141697,-0.179195201372147,-0.2133192714838663,-0.573027704484334,1
-0.1555376202843612,-0.1763073819076002,-0.6726474111991445,0.6622091431836304,-0.0215423091884428,0.572775439728219,-0.0591052551649595,-0.113523716802806,1.123080612062059,-0.0164939239264168,-0.5136461162589799,-0.2035125022065383,-0.348476665070742,-0.3473986184112497,-0.573027704484334,1
-0.1555376202843612,-0.1763073819076002,-0.6726474111991445,0.6622091431836304,-0.0214915463097321,0.5074103972861758,-0.0591052551649595,-0.113523716802806,1.123080612062059,-0.0164939239264168,-0.5992256753122579,-0.3270213842881439,-0.348476665070742,-0.3473986184112497,-0.573027704484334,1
-0.1548269770516002,-0.1763073819076002,1.2134196996247832,0.6622091431836304,-0.0197761840333017,-0.0809692385385602,-0.0591052551649595,-0.113523716802806,1.123080612062059,-0.0164939239264168,-0.6070056352261923,-0.3270213842881439,-0.348476665070742,-0.3473986184112497,-0.573027704484334,1
-0.1555376202843612,-0.1763073819076002,-0.6726474111991445,0.6622091431836304,-0.0213033006345135,0.5315393819511549,-0.0591052551649595,-0.113523716802806,1.123080612062059,-0.0164939239264168,-0.4591863968614394,-0.0238632191787484,-0.348476665070742,-0.3473986184112497,-0.573027704484334,1
-0.1555376202843612,-0.1763073819076002,-0.6726474111991445,0.6622091431836304,-0.0214703951102694,-0.0356802653685505,-0.0591052551649595,-0.113523716802806,1.123080612062059,-0.0164939239264168,-0.4825262766032425,-0.147372101260354,-0.348476665070742,-0.3473986184112497,-0.573027704484334,1
-0.1555376202843612,-0.1763073819076002,-0.6726474111991445,0.6622091431836304,-0.0213181064741374,-0.0402044499932341,-0.0591052551649595,-0.113523716802806,1.123080612062059,-0.0164939239264168,-0.5992256753122579,-0.3270213842881439,-0.348476665070742,-0.3473986184112497,-0.573027704484334,1
-0.1555376202843612,-0.1763073819076002,-0.6726474111991445,0.6622091431836304,-0.0216184535065087,-0.0156513230196909,-0.0591052551649595,-0.113523716802806,1.123080612062059,-0.0164939239264168,-0.6070056352261923,-0.1810563418280646,-0.348476665070742,-0.3473986184112497,-0.573027704484334,1
-0.1555376202843612,-0.1763073819076002,-0.6726474111991445,0.6622091431836304,-0.0212948401547284,0.0177616655105243,-0.0591052551649595,-0.113523716802806,1.123080612062059,-0.0164939239264168,-0.5914457153983236,-0.3045652239096702,-0.348476665070742,-0.3473986184112497,-0.573027704484334,1
-0.1555376202843612,2.3423854636836783,0.584730662683474,0.6622091431836304,-0.0217453607032853,-0.0968981385713004,-0.0591052551649595,-0.113523716802806,-0.8904080341694499,-0.0164939239264168,-0.5136461162589799,-0.2035125022065383,-0.348476665070742,-0.3473986184112497,-0.573027704484334,1
-0.1555376202843612,-0.1763073819076002,-0.6726474111991445,0.6622091431836304,-0.0214513590307529,0.7462967708541043,-0.0591052551649595,-0.113523716802806,1.123080612062059,-0.0164939239264168,-0.5992256753122579,-0.3270213842881439,-0.348476665070742,-0.3473986184112497,-0.573027704484334,1
-0.1555376202843612,2.3423854636836783,0.9340023498730902,0.6622091431836304,-0.0218764981399545,-0.0944004116430897,-0.0591052551649595,-0.113523716802806,-0.8904080341694499,-0.0164939239264168,1.6102829402451004,2.8617533894551266,-0.348476665070742,-0.3473986184112497,-0.573027704484334,1
-0.1555376202843612,-0.1763073819076002,1.2134196996247832,0.6622091431836304,0.0166969443202946,-0.0810634923849078,-0.0591052551649595,-0.113523716802806,1.123080612062059,-0.0164939239264168,-0.6070056352261923,-0.3382494644773808,-0.348476665070742,-0.3473986184112497,-0.573027704484334,1
-0.1555376202843612,-0.1763073819076002,-0.6726474111991445,0.6622091431836304,-0.021483085829947,0.0549448078946426,-0.0591052551649595,-0.113523716802806,1.123080612062059,-0.0164939239264168,-0.5681058356565205,-0.2821090635311964,-0.348476665070742,-0.3473986184112497,-0.573027704484334,1
-0.1555376202843612,-0.1763073819076002,-1.0219190983887607,0.6622091431836304,-0.0219695634175907,-0.0902532424037964,-0.0591052551649595,-0.113523716802806,-0.8904080341694499,-0.0164939239264168,-0.6070056352261923,-0.3382494644773808,-0.348476665070742,-0.3473986184112497,-0.573027704484334,1
-0.1555376202843612,-0.1763073819076002,-0.6726474111991445,0.6622091431836304,-0.0213244518339763,0.1354375926754716,-0.0591052551649595,-0.113523716802806,1.123080612062059,-0.0164939239264168,-0.4980861964311112,-0.1810563418280646,-0.348476665070742,-0.3473986184112497,-0.573027704484334,1
-0.1555376202843612,-0.1763073819076002,-0.6726474111991445,0.6622091431836304,-0.0215148126291412,-0.0837968539289875,-0.0591052551649595,-0.113523716802806,1.123080612062059,-0.0164939239264168,-0.5914457153983236,-0.2933371437204333,-0.348476665070742,-0.3473986184112497,-0.573027704484334,1
-0.1555376202843612,-0.1763073819076002,-0.6726474111991445,0.6622091431836304,-0.0215000067895172,0.3570755123617938,-0.0591052551649595,-0.113523716802806,1.123080612062059,-0.0164939239264168,-0.4047266774638989,-0.0350912993679853,-0.348476665070742,-0.3473986184112497,-0.573027704484334,1
-0.1555376202843612,-0.1763073819076002,-0.6726474111991445,0.6622091431836304,-0.0214936614296784,-0.0108443768559645,-0.0591052551649595,-0.113523716802806,1.123080612062059,-0.0164939239264168,-0.5914457153983236,-0.2708809833419596,-0.348476665070742,-0.3473986184112497,-0.573027704484334,1
-0.1555376202843612,-0.1763073819076002,-0.6726474111991445,0.6622091431836304,-0.0213879054323646,-0.0446815076947439,-0.0591052551649595,-0.113523716802806,1.123080612062059,-0.0164939239264168,-0.5836657554843893,-0.3045652239096702,-0.348476665070742,-0.3473986184112497,-0.573027704484334,1
-0.1555376202843612,2.3423854636836783,0.9340023498730902,0.6622091431836304,-0.0218701527801157,-0.0942119039503945,-0.0591052551649595,-0.113523716802806,-0.8904080341694499,-0.0164939239264168,3.352993960966397,5.376843351844185,-0.348476665070742,-0.3473986184112497,-0.573027704484334,1
-0.1555376202843612,-0.1763073819076002,-0.6726474111991445,0.6622091431836304,-0.0214534741506991,-0.0516562923244645,-0.0591052551649595,-0.113523716802806,1.123080612062059,-0.0164939239264168,-0.5447659559147174,-0.2484248229634858,-0.348476665070742,-0.3473986184112497,-0.573027704484334,1
-0.1555376202843612,-0.1763073819076002,-0.6726474111991445,0.6622091431836304,-0.0212356167962326,0.102967142608732,-0.0591052551649595,-0.113523716802806,1.123080612062059,-0.0164939239264168,-0.6070056352261923,-0.3382494644773808,-0.348476665070742,-0.3473986184112497,-0.573027704484334,1
-0.1555376202843612,-0.1763073819076002,-0.6726474111991445,0.6622091431836304,-0.0215105823892486,1.4865664800679572,-0.0591052551649595,-0.113523716802806,1.123080612062059,-0.0164939239264168,-0.6070056352261923,-0.3382494644773808,-0.348476665070742,-0.3473986184112497,-0.573027704484334,1
-0.1555376202843612,-0.1763073819076002,-0.6726474111991445,0.6622091431836304,-0.0213054157544598,-0.0657943692766007,-0.0591052551649595,-0.113523716802806,1.123080612062059,-0.0164939239264168,-0.5525459158286518,-0.237196742774249,-0.348476665070742,-0.3473986184112497,-0.573027704484334,1
-0.1555376202843612,-0.1763073819076002,-0.6726474111991445,0.6622091431836304,-0.0215549999081204,-0.0561804769491481,-0.0591052551649595,-0.113523716802806,1.123080612062059,-0.0164939239264168,-0.3580469179802927,0.0210491015781989,-0.348476665070742,-0.3473986184112497,-0.573027704484334,1
-0.1555376202843612,-0.1763073819076002,-0.6726474111991445,0.6622091431836304,-0.0215528847881741,0.073936957933679,-0.0591052551649595,-0.113523716802806,1.123080612062059,-0.0164939239264168,-0.5758857955704548,-0.2708809833419596,-0.348476665070742,-0.3473986184112497,-0.573027704484334,1
-0.1342183233015305,-0.1763073819076002,1.6325457242523227,0.6622091431836304,-0.0216459500658103,1.438120003045304,-0.0591052551649595,3.1177454093154475,1.123080612062059,-0.0164939239264168,-0.6070056352261923,-0.3382494644773808,-0.348476665070742,-0.3473986184112497,-0.573027704484334,1
-0.1555376202843612,-0.1763073819076002,-0.6726474111991445,0.6622091431836304,-0.021445013670914,-0.067066796202293,-0.0591052551649595,-0.113523716802806,1.123080612062059,-0.0164939239264168,-0.5914457153983236,-0.3045652239096702,-0.348476665070742,-0.3473986184112497,-0.573027704484334,1
-0.1555376202843612,-0.1763073819076002,-0.6726474111991445,0.6622091431836304,-0.0213477181533853,0.0345388501603927,-0.0591052551649595,-0.113523716802806,1.123080612062059,-0.0164939239264168,-0.5525459158286518,-0.2596529031527227,-0.348476665070742,-0.3473986184112497,-0.573027704484334,1
-0.1555376202843612,-0.1763073819076002,-0.8822104235129143,0.6622091431836304,-0.021582496467422,-0.0968981385713004,-0.0591052551649595,-0.113523716802806,-0.8904080341694499,-0.0164939239264168,-0.5992256753122579,-0.3270213842881439,-0.348476665070742,-0.3473986184112497,-0.573027704484334,1
-0.1555376202843612,-0.1763073819076002,0.584730662683474,-1.830130646834706,-0.0219885994971072,-0.0968981385713004,-0.0591052551649595,-0.113523716802806,-0.8904080341694499,-0.0164939239264168,2.59055788940083,-0.3382494644773808,0.1593677260250428,-0.3473986184112497,1.421748717821897,0
-0.1555376202843612,-0.1763073819076002,-0.6726474111991445,0.6622091431836304,-0.0213900205523108,0.0520229386578678,-0.0591052551649595,-0.113523716802806,1.123080612062059,-0.0164939239264168,-0.4125066373778333,-0.0575474597464591,-0.348476665070742,-0.3473986184112497,-0.573027704484334,1
-0.1555376202843612,-0.1763073819076002,-0.6726474111991445,0.6622091431836304,-0.0213096459943523,-0.0793669231506515,-0.0591052551649595,-0.113523716802806,1.123080612062059,-0.0164939239264168,-0.4903062365171768,-0.1586001814495909,-0.348476665070742,-0.3473986184112497,-0.573027704484334,1
-0.1555376202843612,-0.1763073819076002,-0.6726474111991445,0.6622091431836304,-0.0215951871870997,2.15689983529191,-0.0591052551649595,-0.113523716802806,1.123080612062059,-0.0164939239264168,-0.5914457153983236,-0.3157933040989071,-0.348476665070742,-0.3473986184112497,-0.573027704484334,1
-0.1555376202843612,-0.1763073819076002,-0.8822104235129143,0.6622091431836304,-0.0215867267073146,-0.0968981385713004,-0.0591052551649595,-0.113523716802806,-0.8904080341694499,-0.0164939239264168,-0.5992256753122579,-0.3270213842881439,-0.348476665070742,-0.3473986184112497,-0.573027704484334,1
-0.1555376202843612,-0.1763073819076002,-0.6726474111991445,0.6622091431836304,-0.0214005961520422,0.3123520622698696,-0.0591052551649595,-0.113523716802806,1.123080612062059,-0.0164939239264168,-0.5058661563450456,-0.147372101260354,-0.348476665070742,-0.3473986184112497,-0.573027704484334,1
-0.1555376202843612,-2.695000227498879,1.911963074004016,0.6622091431836304,-0.0219124551790412,-0.0968981385713004,-0.0591052551649595,-0.113523716802806,-0.8904080341694499,-0.0164939239264168,-0.6070056352261923,-0.3382494644773808,-0.348476665070742,-0.3473986184112497,-0.573027704484334,1
-0.1555376202843612,2.3423854636836783,0.9340023498730902,0.6622091431836304,-0.0218764981399545,-0.0944946654894372,-0.0591052551649595,-0.113523716802806,-0.8904080341694499,-0.0164939239264168,3.298534241568857,5.298246790519527,-0.348476665070742,-0.3473986184112497,-0.573027704484334,1
-0.1555376202843612,-0.1763073819076002,-0.6726474111991445,0.6622091431836304,-0.0215063521493561,-0.0269617845813998,-0.0591052551649595,-0.113523716802806,1.123080612062059,-0.0164939239264168,-0.5914457153983236,-0.3045652239096702,-0.348476665070742,-0.3473986184112497,-0.573027704484334,1
-0.1555376202843612,2.3423854636836783,0.584730662683474,0.6622091431836304,-0.0217453607032853,-0.0968981385713004,-0.0591052551649595,-0.113523716802806,-0.8904080341694499,-0.0164939239264168,-0.2491274791852117,0.1782422242275151,-0.348476665070742,-0.3473986184112497,-0.573027704484334,1
-0.1555376202843612,2.3423854636836783,-1.4410451230163004,0.6622091431836304,-0.0218997644593635,-0.0949188077980013,-0.0591052551649595,-0.113523716802806,-0.8904080341694499,-0.0164939239264168,-0.5447659559147174,-0.1698282616388277,-0.348476665070742,-0.3473986184112497,-0.573027704484334,1
-0.1555376202843612,-0.1763073819076002,1.5626913868143997,-0.5839607518255377,-0.0219885994971072,-0.0968981385713004,-0.0591052551649595,-0.113523716802806,-0.8904080341694499,-0.0164939239264168,1.2446248242901854,-0.1249159408818803,3.0371526089011573,3.004585054773335,-0.573027704484334,0
-0.149141831189512,-0.1763073819076002,1.2134196996247832,0.6622091431836304,-0.0197275362745373,-0.0809221116153865,-0.0591052551649595,-0.113523716802806,1.123080612062059,-0.0164939239264168,-0.6070056352261923,-0.3270213842881439,-0.348476665070742,-0.3473986184112497,-0.573027704484334,1
-0.1555376202843612,-0.1763073819076002,-0.6726474111991445,0.6622091431836304,-0.0213709844727943,-0.082571553926469,-0.0591052551649595,-0.113523716802806,1.123080612062059,-0.0164939239264168,-0.5058661563450456,-0.1698282616388277,-0.348476665070742,-0.3473986184112497,-0.573027704484334,1
-0.1555376202843612,-0.1763073819076002,-0.8822104235129143,0.6622091431836304,-0.0204276409767549,-0.0968981385713004,-0.0591052551649595,-0.113523716802806,-0.8904080341694499,-0.0164939239264168,-0.5992256753122579,-0.3270213842881439,-0.348476665070742,-0.3473986184112497,-0.573027704484334,1
-0.1555376202843612,-0.1763073819076002,-0.6726474111991445,0.6622091431836304,-0.0213540635132241,-0.0634380231179113,-0.0591052551649595,-0.113523716802806,1.123080612062059,-0.0164939239264168,-0.428066557205702,-0.0800036201249328,-0.348476665070742,-0.3473986184112497,-0.573027704484334,1
-0.1555376202843612,-0.1763073819076002,-0.6726474111991445,0.6622091431836304,-0.0213519483932779,0.0843048810319122,-0.0591052551649595,-0.113523716802806,1.123080612062059,-0.0164939239264168,-0.4825262766032425,-0.1586001814495909,-0.348476665070742,-0.3473986184112497,-0.573027704484334,1
-0.1555376202843612,-0.1763073819076002,0.9340023498730902,-1.830130646834706,-0.0219885994971072,-0.0968981385713004,-0.0591052551649595,-0.113523716802806,-0.8904080341694499,-0.0164939239264168,1.4624637018803477,-0.2259686625850121,-0.348476665070742,-0.3473986184112497,1.8303173826316077,0
-0.1555376202843612,-0.1763073819076002,-0.6726474111991445,0.6622091431836304,-0.0216311442261864,0.2526422506086809,-0.0591052551649595,-0.113523716802806,1.123080612062059,-0.0164939239264168,-0.5758857955704548,-0.2933371437204333,-0.348476665070742,-0.3473986184112497,-0.573027704484334,1
5.617728002666209,-0.1763073819076002,1.6325457242523227,0.6622091431836304,-0.0219885994971072,-0.0961912347236936,-0.0591052551649595,-0.113523716802806,-0.8904080341694499,-0.0164939239264168,-0.6070056352261923,-0.3382494644773808,-0.348476665070742,-0.3473986184112497,-0.573027704484334,0
-0.1555376202843612,-0.1763073819076002,0.9340023498730902,-0.5839607518255377,-0.0219885994971072,-0.0968981385713004,-0.0591052551649595,-0.113523716802806,-0.8904080341694499,-0.0164939239264168,1.400224022568873,-0.1249159408818803,3.0371526089011573,3.004585054773335,-0.573027704484334,0
-0.1555376202843612,-0.1763073819076002,-0.6726474111991445,0.6622091431836304,-0.0213730995927406,-0.0817703962325146,-0.0591052551649595,-0.113523716802806,1.123080612062059,-0.0164939239264168,-0.4825262766032425,-0.147372101260354,-0.348476665070742,-0.3473986184112497,-0.573027704484334,1
-0.1555376202843612,-0.1763073819076002,0.9340023498730902,-0.5839607518255377,-0.0219885994971072,-0.0968981385713004,-0.0591052551649595,-0.113523716802806,-0.8904080341694499,-0.0164939239264168,0.6144480712615022,-0.2933371437204333,3.0371526089011573,3.004585054773335,-0.573027704484334,0
-0.1555376202843612,-0.1763073819076002,1.2134196996247832,0.6622091431836304,-0.0152413668684843,-0.0812991270007768,-0.0591052551649595,-0.113523716802806,1.123080612062059,-0.0164939239264168,-0.6070056352261923,-0.3382494644773808,-0.348476665070742,-0.3473986184112497,-0.573027704484334,1
-0.1555376202843612,-2.695000227498879,-1.301336448140454,0.6622091431836304,0.0626331193135333,-0.0968981385713004,-0.0591052551649595,-0.113523716802806,-0.8904080341694499,-0.0164939239264168,-0.5914457153983236,-0.3157933040989071,-0.348476665070742,-0.3473986184112497,-0.573027704484334,1
-0.1555376202843612,-0.1763073819076002,-0.8822104235129143,0.6622091431836304,-0.0035087965264871,-0.0968981385713004,-0.0591052551649595,-0.113523716802806,-0.8904080341694499,-0.0164939239264168,-0.4980861964311112,-0.1810563418280646,-0.348476665070742,-0.3473986184112497,-0.573027704484334,1
-0.1555376202843612,-0.1763073819076002,-0.6726474111991445,0.6622091431836304,-0.0212483075159103,0.1827530235419542,-0.0591052551649595,-0.113523716802806,1.123080612062059,-0.0164939239264168,-0.5758857955704548,-0.2933371437204333,-0.348476665070742,-0.3473986184112497,-0.573027704484334,1
-0.1555376202843612,-0.1763073819076002,-0.6726474111991445,0.6622091431836304,-0.0213815600725257,0.1042395695344243,-0.0591052551649595,-0.113523716802806,1.123080612062059,-0.0164939239264168,-0.5136461162589799,-0.1922844220173015,-0.348476665070742,-0.3473986184112497,-0.573027704484334,1
-0.1555376202843612,2.3423854636836783,0.9340023498730902,0.6622091431836304,-0.0218743830200082,-0.0943061577967421,-0.0591052551649595,-0.113523716802806,-0.8904080341694499,-0.0164939239264168,3.360773920880332,5.3880714320334215,-0.348476665070742,-0.3473986184112497,-0.573027704484334,1
-0.1555376202843612,2.3423854636836783,-1.4410451230163004,0.6622091431836304,-0.0218976493394173,-0.0909130193282294,-0.0591052551649595,-0.113523716802806,-0.8904080341694499,-0.0164939239264168,0.0620709173721627,1.5031556865574658,-0.348476665070742,-0.3473986184112497,-0.573027704484334,1
-0.1555376202843612,-0.1763073819076002,-0.6726474111991445,0.6622091431836304,-0.0213392576736002,-0.0693288885146347,-0.0591052551649595,-0.113523716802806,1.123080612062059,-0.0164939239264168,-0.5758857955704548,-0.2933371437204333,-0.348476665070742,-0.3473986184112497,-0.573027704484334,1
38.056459648508735,-0.1763073819076002,1.6325457242523227,0.6622091431836304,-0.0217982387019423,0.052871223274996,-0.0591052551649595,-0.113523716802806,1.123080612062059,-0.0164939239264168,-0.6070056352261923,-0.3382494644773808,-0.348476665070742,-0.3473986184112497,-0.573027704484334,1
-0.1555376202843612,2.3423854636836783,-1.4410451230163004,0.6622091431836304,-0.02191880053888,-0.0968981385713004,-0.0591052551649595,-0.113523716802806,-0.8904080341694499,-0.0164939239264168,-0.6070056352261923,-0.3270213842881439,-0.348476665070742,-0.3473986184112497,-0.573027704484334,1
-0.1555376202843612,-0.1763073819076002,-0.6726474111991445,0.6622091431836304,-0.0215253882288725,0.1802552966137434,-0.0591052551649595,-0.113523716802806,1.123080612062059,-0.0164939239264168,-0.6070056352261923,0.2006983846059888,-0.348476665070742,-0.3473986184112497,-0.573027704484334,1
-0.1555376202843612,-0.1763073819076002,-0.6726474111991445,0.6622091431836304,-0.0216269139862938,-0.0778117346859165,-0.0591052551649595,-0.113523716802806,1.123080612062059,-0.0164939239264168,-0.6070056352261923,-0.3382494644773808,-0.348476665070742,-0.3473986184112497,-0.573027704484334,1
-0.1555376202843612,-0.1763073819076002,0.9340023498730902,-1.830130646834706,-0.0219885994971072,-0.0968981385713004,-0.0591052551649595,-0.113523716802806,-0.8904080341694499,-0.0164939239264168,1.2679647040319886,-0.3270213842881439,-0.348476665070742,-0.3473986184112497,1.8303173826316077,0
-0.1555376202843612,-0.1763073819076002,-0.6726474111991445,0.6622091431836304,-0.0212800343151044,0.0552275694336853,-0.0591052551649595,-0.113523716802806,1.123080612062059,-0.0164939239264168,-0.233567559357343,0.2119264647952257,-0.348476665070742,-0.3473986184112497,-0.573027704484334,1
-0.1555376202843612,-0.1763073819076002,-0.6726474111991445,0.6622091431836304,-0.02152115798898,0.036235419394649,-0.0591052551649595,-0.113523716802806,1.123080612062059,-0.0164939239264168,-0.5447659559147174,-0.2484248229634858,-0.348476665070742,-0.3473986184112497,-0.573027704484334,1
-0.1555376202843612,-0.1763073819076002,-0.6726474111991445,0.6622091431836304,-0.0214428985509678,-0.0492056923194275,-0.0591052551649595,-0.113523716802806,1.123080612062059,-0.0164939239264168,-0.4125066373778333,-0.0575474597464591,-0.348476665070742,-0.3473986184112497,-0.573027704484334,1
-0.1555376202843612,-0.1763073819076002,-0.8822104235129143,0.6622091431836304,-0.0203641873783666,-0.0968981385713004,-0.0591052551649595,-0.113523716802806,-0.8904080341694499,-0.0164939239264168,-0.5447659559147174,-0.237196742774249,-0.348476665070742,-0.3473986184112497,-0.573027704484334,1
-0.1555376202843612,2.3423854636836783,-1.4410451230163004,0.6622091431836304,-0.0218913039795784,-0.0905831308660129,-0.0591052551649595,-0.113523716802806,-0.8904080341694499,-0.0164939239264168,-0.1246481205622619,2.087015856397783,-0.348476665070742,-0.3473986184112497,-0.573027704484334,1
-0.1555376202843612,-0.1763073819076002,-0.6726474111991445,0.6622091431836304,-0.0214386683110752,1.4119645606838518,-0.0591052551649595,-0.113523716802806,1.123080612062059,-0.0164939239264168,-0.6070056352261923,-0.3382494644773808,-0.348476665070742,-0.3473986184112497,-0.573027704484334,1
-0.1555376202843612,2.3423854636836783,0.9340023498730902,0.6622091431836304,-0.0218722679000619,-0.094541792412611,-0.0591052551649595,-0.113523716802806,-0.8904080341694499,-0.0164939239264168,1.5169234212778882,2.7270164271842843,-0.348476665070742,-0.3473986184112497,-0.573027704484334,1
-0.1555376202843612,2.3423854636836783,0.9340023498730902,0.6622091431836304,-0.0219864843771609,-0.0968981385713004,-0.0591052551649595,-0.113523716802806,-0.8904080341694499,-0.0164939239264168,-0.2180076395294742,-0.2821090635311964,-0.348476665070742,-0.3473986184112497,-0.573027704484334,1
-0.1555376202843612,-0.1763073819076002,-0.6726474111991445,0.6622091431836304,-0.0213709844727943,0.1021188579916038,-0.0591052551649595,-0.113523716802806,1.123080612062059,-0.0164939239264168,-0.4047266774638989,-0.0463193795572222,-0.348476665070742,-0.3473986184112497,-0.573027704484334,1
-0.1555376202843612,-0.1763073819076002,-0.6726474111991445,0.6622091431836304,-0.0215465394283353,0.1797840273820055,-0.0591052551649595,-0.113523716802806,1.123080612062059,-0.0164939239264168,-0.6070056352261923,-0.3382494644773808,-0.348476665070742,-0.3473986184112497,-0.573027704484334,1
-0.1555376202843612,-0.1763073819076002,-0.6726474111991445,0.6622091431836304,-0.0213667542329018,0.2412846621237981,-0.0591052551649595,-0.113523716802806,1.123080612062059,-0.0164939239264168,-0.5525459158286518,-0.2484248229634858,-0.348476665070742,-0.3473986184112497,-0.573027704484334,1
-0.1555376202843612,-0.1763073819076002,-0.6726474111991445,0.6622091431836304,-0.0214703951102694,0.0187513308971739,-0.0591052551649595,-0.113523716802806,1.123080612062059,-0.0164939239264168,-0.5447659559147174,-0.1810563418280646,-0.348476665070742,-0.3473986184112497,-0.573027704484334,1
-0.1555376202843612,-0.1763073819076002,-0.6726474111991445,0.6622091431836304,-0.021246192395964,-0.063956419272823,-0.0591052551649595,-0.113523716802806,1.123080612062059,-0.0164939239264168,-0.3347070382384897,0.0547333421459095,-0.348476665070742,-0.3473986184112497,-0.573027704484334,1
-0.1555376202843612,-0.1763073819076002,1.6325457242523227,0.3506666694313384,-0.0219885994971072,-0.0948245539516537,-0.0591052551649595,-0.113523716802806,-0.8904080341694499,-0.0164939239264168,-0.6070056352261923,-0.3382494644773808,3.0371526089011573,3.004585054773335,-0.573027704484334,0
-0.1555376202843612,-0.1763073819076002,-0.6726474111991445,0.6622091431836304,-0.021345603033439,0.2294086774840037,-0.0591052551649595,-0.113523716802806,1.123080612062059,-0.0164939239264168,-0.5525459158286518,-0.237196742774249,-0.348476665070742,-0.3473986184112497,-0.573027704484334,1
-0.1555376202843612,-0.1763073819076002,-0.6726474111991445,0.6622091431836304,-0.0211658178380055,-0.0464252038521741,-0.0591052551649595,-0.113523716802806,1.123080612062059,-0.0164939239264168,-0.5292060360868487,-0.2147405823957752,-0.348476665070742,-0.3473986184112497,-0.573027704484334,1
-0.1555376202843612,-0.1763073819076002,-0.6726474111991445,0.6622091431836304,-0.0213773298326332,-0.075926657758965,-0.0591052551649595,-0.113523716802806,1.123080612062059,-0.0164939239264168,-0.6070056352261923,-0.3045652239096702,-0.348476665070742,-0.3473986184112497,-0.573027704484334,1
-0.14772054472399,-0.1763073819076002,1.2134196996247832,0.6622091431836304,-0.0192558645265176,-0.0809221116153865,-0.0591052551649595,-0.113523716802806,1.123080612062059,-0.0164939239264168,-0.6070056352261923,-0.3382494644773808,-0.348476665070742,-0.3473986184112497,-0.573027704484334,1
-0.1555376202843612,-0.1763073819076002,-0.6726474111991445,0.6622091431836304,-0.021345603033439,-0.0604219000347889,-0.0591052551649595,-0.113523716802806,1.123080612062059,-0.0164939239264168,-0.5992256753122579,-0.3270213842881439,-0.348476665070742,-0.3473986184112497,-0.573027704484334,1
-0.1555376202843612,-0.1763073819076002,-0.6726474111991445,0.6622091431836304,-0.0214682799903231,0.1068315503089826,-0.0591052551649595,-0.113523716802806,1.123080612062059,-0.0164939239264168,-0.5603258757425861,-0.2708809833419596,-0.348476665070742,-0.3473986184112497,-0.573027704484334,1
-0.1555376202843612,-0.1763073819076002,-0.6726474111991445,0.6622091431836304,-0.0211996597571459,-0.0765393077602242,-0.0591052551649595,-0.113523716802806,1.123080612062059,-0.0164939239264168,-0.4514064369475051,-0.1136878606926434,-0.348476665070742,-0.3473986184112497,-0.573027704484334,1
-0.1555376202843612,-0.1763073819076002,-0.6726474111991445,0.6622091431836304,-0.0212948401547284,0.0150283039664447,-0.0591052551649595,-0.113523716802806,1.123080612062059,-0.0164939239264168,-0.5292060360868487,-0.1361440210711171,-0.348476665070742,-0.3473986184112497,-0.573027704484334,1
-0.1555376202843612,-0.1763073819076002,-0.6726474111991445,0.6622091431836304,-0.0213963659121497,-0.0052362729982838,-0.0591052551649595,-0.113523716802806,1.123080612062059,-0.0164939239264168,-0.6070056352261923,-0.3270213842881439,-0.348476665070742,-0.3473986184112497,-0.573027704484334,1
-0.1555376202843612,-0.1763073819076002,-0.6726474111991445,0.6622091431836304,-0.0212525377558028,0.2555169929222819,-0.0591052551649595,-0.113523716802806,1.123080612062059,-0.0164939239264168,-0.5914457153983236,-0.2484248229634858,-0.348476665070742,-0.3473986184112497,-0.573027704484334,1
-0.1555376202843612,-0.1763073819076002,-0.6726474111991445,0.6622091431836304,-0.0215021219094635,-0.0814876346934719,-0.0591052551649595,-0.113523716802806,1.123080612062059,-0.0164939239264168,-0.5292060360868487,-0.1136878606926434,-0.348476665070742,-0.3473986184112497,-0.573027704484334,1
-0.1555376202843612,2.3423854636836783,0.9340023498730902,0.6622091431836304,-0.0219864843771609,-0.0968981385713004,-0.0591052551649595,-0.113523716802806,-0.8904080341694499,-0.0164939239264168,-0.1090882007343932,-0.3270213842881439,-0.348476665070742,-0.3473986184112497,-0.573027704484334,1
-0.1548269770516002,-0.1763073819076002,1.2134196996247832,0.6622091431836304,-0.0200342286667474,-0.0837497270058137,-0.0591052551649595,-0.113523716802806,1.123080612062059,-0.0164939239264168,-0.6070056352261923,-0.3270213842881439,-0.348476665070742,-0.3473986184112497,-0.573027704484334,1
-0.1555376202843612,-0.1763073819076002,-0.6726474111991445,0.6622091431836304,-0.0212694587153731,-0.0852577885473749,-0.0591052551649595,-0.113523716802806,1.123080612062059,-0.0164939239264168,-0.6070056352261923,-0.2484248229634858,-0.348476665070742,-0.3473986184112497,-0.573027704484334,1
-0.1555376202843612,-0.1763073819076002,-0.6726474111991445,0.6622091431836304,-0.0214894311897858,-0.0184318114869443,-0.0591052551649595,-0.113523716802806,1.123080612062059,-0.0164939239264168,-0.5292060360868487,-0.2259686625850121,-0.348476665070742,-0.3473986184112497,-0.573027704484334,1
-0.1555376202843612,-0.1763073819076002,-0.6726474111991445,0.6622091431836304,-0.0215761511075832,0.127803031121318,-0.0591052551649595,-0.113523716802806,1.123080612062059,-0.0164939239264168,-0.536985996000783,-0.237196742774249,-0.348476665070742,-0.3473986184112497,-0.573027704484334,1
-0.1555376202843612,-0.1763073819076002,-0.6726474111991445,0.6622091431836304,-0.0214577043905917,-0.0843152500838991,-0.0591052551649595,-0.113523716802806,1.123080612062059,-0.0164939239264168,-0.5836657554843893,-0.3045652239096702,-0.348476665070742,-0.3473986184112497,-0.573027704484334,1
5.586459700424724,-0.1763073819076002,1.6325457242523227,0.6622091431836304,-0.0219885994971072,-0.0961912347236936,-0.0591052551649595,-0.113523716802806,-0.8904080341694499,-0.0164939239264168,-0.6070056352261923,-0.3382494644773808,-0.348476665070742,-0.3473986184112497,-0.573027704484334,0
-0.1555376202843612,-0.1763073819076002,-0.6726474111991445,0.6622091431836304,-0.0215169277490874,0.3092888122635734,-0.0591052551649595,-0.113523716802806,1.123080612062059,-0.0164939239264168,-0.5758857955704548,-0.2708809833419596,-0.348476665070742,-0.3473986184112497,-0.573027704484334,1
-0.1555376202843612,2.3423854636836783,-1.4410451230163004,0.6622091431836304,-0.021895534219471,-0.0916199231758362,-0.0591052551649595,-0.113523716802806,-0.8904080341694499,-0.0164939239264168,-0.5914457153983236,-0.2933371437204333,-0.348476665070742,-0.3473986184112497,-0.573027704484334,1
-0.1555376202843612,2.3423854636836783,-1.4410451230163004,0.6622091431836304,-0.0218976493394173,-0.0948716808748275,-0.0591052551649595,-0.113523716802806,-0.8904080341694499,-0.0164939239264168,-0.233567559357343,0.2006983846059888,-0.348476665070742,-0.3473986184112497,-0.573027704484334,1
-0.1555376202843612,-0.1763073819076002,-0.6726474111991445,0.6622091431836304,-0.0211869690374683,0.0002775770130492,-0.0591052551649595,-0.113523716802806,1.123080612062059,-0.0164939239264168,-0.5447659559147174,-0.237196742774249,-0.348476665070742,-0.3473986184112497,-0.573027704484334,1
-0.1548269770516002,-0.1763073819076002,1.2134196996247832,0.6622091431836304,-0.0190781944510303,-0.0807336039226913,-0.0591052551649595,-0.113523716802806,1.123080612062059,-0.0164939239264168,-0.6070056352261923,-0.3270213842881439,-0.348476665070742,-0.3473986184112497,-0.573027704484334,1
-0.1555376202843612,-0.1763073819076002,1.2134196996247832,0.6622091431836304,-0.0183717443889739,-0.0796496846896942,-0.0591052551649595,-0.113523716802806,1.123080612062059,-0.0164939239264168,-0.6070056352261923,-0.3157933040989071,-0.348476665070742,-0.3473986184112497,-0.573027704484334,1
-0.1555376202843612,-0.1763073819076002,-0.6726474111991445,0.6622091431836304,-0.0215401940684965,-0.0123053114743519,-0.0591052551649595,-0.113523716802806,1.123080612062059,-0.0164939239264168,-0.5836657554843893,-0.3045652239096702,-0.348476665070742,-0.3473986184112497,-0.573027704484334,1
-0.1548269770516002,-0.1763073819076002,1.2134196996247832,0.6622091431836304,-0.0198988609901857,-0.0813933808471243,-0.0591052551649595,-0.113523716802806,1.123080612062059,-0.0164939239264168,-0.6070056352261923,-0.3270213842881439,-0.348476665070742,-0.3473986184112497,-0.573027704484334,1
-0.1555376202843612,-0.1763073819076002,-0.6726474111991445,0.6622091431836304,-0.0212440772760177,-0.0657472423534269,-0.0591052551649595,-0.113523716802806,1.123080612062059,-0.0164939239264168,-0.5447659559147174,-0.2484248229634858,-0.348476665070742,-0.3473986184112497,-0.573027704484334,1
-0.1555376202843612,-0.1763073819076002,-0.6726474111991445,0.6622091431836304,-0.021383675192472,-0.0319572384378213,-0.0591052551649595,-0.113523716802806,1.123080612062059,-0.0164939239264168,-0.5992256753122579,-0.3270213842881439,-0.348476665070742,-0.3473986184112497,-0.573027704484334,1
-0.1555376202843612,-0.1763073819076002,-0.6726474111991445,0.6622091431836304,-0.0216480651857566,-0.0560862231028005,-0.0591052551649595,-0.113523716802806,1.123080612062059,-0.0164939239264168,-0.6070056352261923,0.0884175827136202,-0.348476665070742,-0.3473986184112497,-0.573027704484334,1
-0.1555376202843612,-0.1763073819076002,-0.6726474111991445,0.6622091431836304,-0.0213752147126869,-0.0690932538987658,-0.0591052551649595,-0.113523716802806,1.123080612062059,-0.0164939239264168,-0.5214260761729144,-0.1922844220173015,-0.348476665070742,-0.3473986184112497,-0.573027704484334,1
-0.1555376202843612,-0.1763073819076002,-0.6726474111991445,0.6622091431836304,-0.0215761511075832,-0.0310618268975193,-0.0591052551649595,-0.113523716802806,1.123080612062059,-0.0164939239264168,-0.5058661563450456,-0.1136878606926434,-0.348476665070742,-0.3473986184112497,-0.573027704484334,1
-0.1555376202843612,2.3423854636836783,-1.4410451230163004,0.6622091431836304,-0.021895534219471,-0.0948245539516537,-0.0591052551649595,-0.113523716802806,-0.8904080341694499,-0.0164939239264168,-0.147988000304065,1.222453681826544,-0.348476665070742,-0.3473986184112497,-0.573027704484334,1
0.0448637713542478,-0.1763073819076002,-0.9520647609508376,0.6622091431836304,-0.0216501803057029,-0.0686691115902017,-0.0591052551649595,2.040655700609363,1.123080612062059,-0.0164939239264168,-0.6070056352261923,-0.3382494644773808,-0.348476665070742,-0.3473986184112497,-0.573027704484334,0
-0.1555376202843612,-0.1763073819076002,1.2134196996247832,0.6622091431836304,-0.0206306924915975,-0.0812991270007768,-0.0591052551649595,-0.113523716802806,1.123080612062059,-0.0164939239264168,-0.6070056352261923,-0.3382494644773808,-0.348476665070742,-0.3473986184112497,-0.573027704484334,1
-0.1555376202843612,2.3423854636836783,0.9340023498730902,0.6622091431836304,-0.0218913039795784,-0.09477742702848,-0.0591052551649595,-0.113523716802806,-0.8904080341694499,-0.0164939239264168,-0.0857483209925901,0.4140319082014894,-0.348476665070742,-0.3473986184112497,-0.573027704484334,1
-0.1555376202843612,-0.1763073819076002,-0.6726474111991445,0.6622091431836304,-0.0214767404701082,0.617310382127448,-0.0591052551649595,-0.113523716802806,1.123080612062059,-0.0164939239264168,-0.6070056352261923,-0.2708809833419596,-0.348476665070742,-0.3473986184112497,-0.573027704484334,1
-0.1555376202843612,-0.1763073819076002,-0.6726474111991445,0.6622091431836304,-0.0213794449525795,-0.0135306114768704,-0.0591052551649595,-0.113523716802806,1.123080612062059,-0.0164939239264168,-0.3658268778942271,0.0098210213889621,-0.348476665070742,-0.3473986184112497,-0.573027704484334,1
-0.1555376202843612,-0.1763073819076002,-0.6726474111991445,0.6622091431836304,-0.0215719208676906,0.2026405851212924,-0.0591052551649595,-0.113523716802806,1.123080612062059,-0.0164939239264168,-0.4747463166893081,-0.1361440210711171,-0.348476665070742,-0.3473986184112497,-0.573027704484334,1
-0.1555376202843612,2.3423854636836783,-1.4410451230163004,0.6622091431836304,-0.021895534219471,-0.090771638558708,-0.0591052551649595,-0.113523716802806,-0.8904080341694499,-0.0164939239264168,0.2176701156508499,1.7501734507206768,-0.348476665070742,-0.3473986184112497,-0.573027704484334,1
-0.1555376202843612,-0.1763073819076002,-0.6726474111991445,0.6622091431836304,-0.021582496467422,0.5313980011816336,-0.0591052551649595,-0.113523716802806,1.123080612062059,-0.0164939239264168,-0.6070056352261923,-0.3382494644773808,-0.348476665070742,-0.3473986184112497,-0.573027704484334,1
-0.1555376202843612,-0.1763073819076002,-0.6726474111991445,0.6622091431836304,-0.0212250411965012,-0.0434090807690517,-0.0591052551649595,-0.113523716802806,1.123080612062059,-0.0164939239264168,-0.536985996000783,-0.2035125022065383,-0.348476665070742,-0.3473986184112497,-0.573027704484334,1
-0.1555376202843612,2.3423854636836783,0.9340023498730902,0.6622091431836304,-0.0218786132599008,-0.0943061577967421,-0.0591052551649595,-0.113523716802806,-0.8904080341694499,-0.0164939239264168,3.3374340411385286,5.354387191465712,-0.348476665070742,-0.3473986184112497,-0.573027704484334,1
-0.1555376202843612,2.3423854636836783,-1.4410451230163004,0.6622091431836304,-0.021895534219471,-0.0948245539516537,-0.0591052551649595,-0.113523716802806,-0.8904080341694499,-0.0164939239264168,0.1787703160811781,1.4470152856112812,-0.348476665070742,-0.3473986184112497,-0.573027704484334,1
-0.1555376202843612,2.3423854636836783,-1.4410451230163004,0.6622091431836304,-0.021895534219471,-0.093222238563745,-0.0591052551649595,-0.113523716802806,-0.8904080341694499,-0.0164939239264168,0.9801061872164172,1.9522788941269404,-0.348476665070742,-0.3473986184112497,-0.573027704484334,1
-0.1555376202843612,-0.1763073819076002,-0.6726474111991445,0.6622091431836304,-0.0214767404701082,0.3039163430217616,-0.0591052551649595,-0.113523716802806,1.123080612062059,-0.0164939239264168,-0.5758857955704548,-0.2933371437204333,-0.348476665070742,-0.3473986184112497,-0.573027704484334,1
-0.1548269770516002,-0.1763073819076002,1.2134196996247832,0.6622091431836304,-0.009384599737244,-0.0813933808471243,-0.0591052551649595,-0.113523716802806,1.123080612062059,-0.0164939239264168,-0.6070056352261923,-0.3270213842881439,-0.348476665070742,-0.3473986184112497,-0.573027704484334,1
-0.1555376202843612,2.3423854636836783,0.9340023498730902,0.6622091431836304,-0.0218786132599008,-0.0944475385662634,-0.0591052551649595,-0.113523716802806,-0.8904080341694499,-0.0164939239264168,3.360773920880332,5.3880714320334215,-0.348476665070742,-0.3473986184112497,-0.573027704484334,1
-0.1555376202843612,-0.1763073819076002,-0.6726474111991445,0.6622091431836304,-0.0214809707100007,0.1352490849827764,-0.0591052551649595,-0.113523716802806,1.123080612062059,-0.0164939239264168,-0.5292060360868487,-0.2259686625850121,-0.348476665070742,-0.3473986184112497,-0.573027704484334,1
-0.1555376202843612,-0.1763073819076002,1.6325457242523227,0.6622091431836304,-0.0219885994971072,-0.0968981385713004,-0.0591052551649595,-0.113523716802806,-0.8904080341694499,-0.0164939239264168,-0.6070056352261923,-0.3382494644773808,-0.348476665070742,-0.3473986184112497,-0.573027704484334,0
-0.1555376202843612,-0.1763073819076002,1.2134196996247832,0.6622091431836304,-0.0196767733958267,-0.0813462539239505,-0.0591052551649595,-0.113523716802806,1.123080612062059,-0.0164939239264168,-0.6070056352261923,-0.3270213842881439,-0.348476665070742,-0.3473986184112497,-0.573027704484334,1
5.192763349475116,-0.1763073819076002,1.6325457242523227,0.6622091431836304,-0.0219885994971072,-0.0948245539516537,-0.0591052551649595,-0.113523716802806,-0.8904080341694499,-0.0164939239264168,-0.6070056352261923,-0.3382494644773808,-0.348476665070742,-0.3473986184112497,-0.573027704484334,0
-0.1555376202843612,-0.1763073819076002,-0.6726474111991445,0.6622091431836304,-0.0213371425536539,-0.0342664576733369,-0.0591052551649595,-0.113523716802806,1.123080612062059,-0.0164939239264168,-0.6070056352261923,-0.2933371437204333,-0.348476665070742,-0.3473986184112497,-0.573027704484334,1
-0.1555376202843612,-0.1763073819076002,-0.6726474111991445,0.6622091431836304,-0.0213011855145672,-0.0024086576078566,-0.0591052551649595,-0.113523716802806,1.123080612062059,-0.0164939239264168,-0.5914457153983236,-0.3157933040989071,-0.348476665070742,-0.3473986184112497,-0.573027704484334,1
-0.1555376202843612,-0.1763073819076002,-0.6726474111991445,0.6622091431836304,-0.0213096459943523,0.0310514578455324,-0.0591052551649595,-0.113523716802806,1.123080612062059,-0.0164939239264168,-0.3891667576360302,0.0659614223351464,-0.246907786851585,-0.1797994347520205,-0.573027704484334,1
-0.1555376202843612,2.3423854636836783,0.9340023498730902,0.6622091431836304,-0.0218701527801157,-0.0943532847199159,-0.0591052551649595,-0.113523716802806,-0.8904080341694499,-0.0164939239264168,3.360773920880332,5.3880714320334215,-0.348476665070742,-0.3473986184112497,-0.573027704484334,1
-0.1555376202843612,-0.1763073819076002,-0.6726474111991445,0.6622091431836304,-0.0215613452679593,0.0442941232573667,-0.0591052551649595,-0.113523716802806,1.123080612062059,-0.0164939239264168,-0.3658268778942271,0.2343826251736994,-0.348476665070742,-0.3473986184112497,-0.573027704484334,1
-0.1555376202843612,2.3423854636836783,0.9340023498730902,0.6622091431836304,-0.0218764981399545,-0.0944946654894372,-0.0591052551649595,-0.113523716802806,-0.8904080341694499,-0.0164939239264168,1.55582322084756,2.7831568281304686,-0.348476665070742,-0.3473986184112497,-0.573027704484334,1
-0.1555376202843612,-0.1763073819076002,-0.6726474111991445,0.6622091431836304,-0.0215549999081204,-0.078141623148133,-0.0591052551649595,-0.113523716802806,1.123080612062059,-0.0164939239264168,-0.4591863968614394,-0.1249159408818803,-0.348476665070742,-0.3473986184112497,-0.573027704484334,1
-0.1555376202843612,-0.1763073819076002,-0.6726474111991445,0.6622091431836304,-0.0215507696682279,-0.0813462539239505,-0.0591052551649595,-0.113523716802806,1.123080612062059,-0.0164939239264168,-0.6070056352261923,-0.3157933040989071,-0.348476665070742,-0.3473986184112497,-0.573027704484334,1
-0.1555376202843612,-0.1763073819076002,-0.6726474111991445,0.6622091431836304,-0.0215338487086577,-0.0827129346959904,-0.0591052551649595,-0.113523716802806,1.123080612062059,-0.0164939239264168,-0.536985996000783,-0.237196742774249,-0.348476665070742,-0.3473986184112497,-0.573027704484334,1
-0.1555376202843612,2.3423854636836783,0.9340023498730902,0.6622091431836304,-0.0217665119027481,-0.0968981385713004,-0.0591052551649595,-0.113523716802806,-0.8904080341694499,-0.0164939239264168,-0.6070056352261923,-0.3382494644773808,-0.348476665070742,-0.3473986184112497,-0.573027704484334,1
-0.1555376202843612,2.3423854636836783,0.9340023498730902,0.6622091431836304,-0.0219864843771609,-0.0968510116481266,-0.0591052551649595,-0.113523716802806,-0.8904080341694499,-0.0164939239264168,-0.4591863968614394,-0.3270213842881439,-0.348476665070742,-0.3473986184112497,-0.573027704484334,1
-0.1555376202843612,-0.1763073819076002,-0.6726474111991445,0.6622091431836304,-0.0215148126291412,-0.0801209539214321,-0.0591052551649595,-0.113523716802806,1.123080612062059,-0.0164939239264168,-0.6070056352261923,-0.1810563418280646,-0.348476665070742,-0.3473986184112497,-0.573027704484334,1
-0.1555376202843612,-0.1763073819076002,0.9340023498730902,-0.5839607518255377,-0.0219885994971072,-0.0968981385713004,-0.0591052551649595,-0.113523716802806,-0.8904080341694499,-0.0164939239264168,0.5055286324664212,-0.2596529031527227,3.0371526089011573,3.004585054773335,-0.573027704484334,0
-0.1555376202843612,-0.1763073819076002,-0.6726474111991445,0.6622091431836304,-0.0213942507922034,-0.0620242154226977,-0.0591052551649595,-0.113523716802806,1.123080612062059,-0.0164939239264168,-0.5292060360868487,-0.2259686625850121,-0.348476665070742,-0.3473986184112497,-0.573027704484334,1
-0.1555376202843612,2.3423854636836783,0.9340023498730902,0.6622091431836304,-0.0217665119027481,-0.0900647347111012,-0.0591052551649595,-0.113523716802806,-0.8904080341694499,-0.0164939239264168,-0.5836657554843893,-0.3045652239096702,-0.348476665070742,-0.3473986184112497,-0.573027704484334,1
-0.1555376202843612,-0.1763073819076002,-0.6726474111991445,0.6622091431836304,-0.0214619346304842,2.145495119883853,-0.0591052551649595,-0.113523716802806,1.123080612062059,-0.0164939239264168,-0.6070056352261923,-0.3382494644773808,-0.348476665070742,-0.3473986184112497,-0.573027704484334,1
-0.1555376202843612,-0.1763073819076002,-0.6726474111991445,0.6622091431836304,-0.0214259775913975,-0.082807188542338,-0.0591052551649595,-0.113523716802806,1.123080612062059,-0.0164939239264168,-0.5214260761729144,-0.0687755399356959,-0.348476665070742,-0.3473986184112497,-0.573027704484334,1
-0.1555376202843612,-2.695000227498879,-1.2314821107025309,0.6622091431836304,-0.0198057957125495,-0.0968981385713004,-0.0591052551649595,-0.113523716802806,-0.8904080341694499,-0.0164939239264168,0.7311474699705177,1.5929803280713606,-0.348476665070742,-0.3473986184112497,-0.573027704484334,0
-0.1555376202843612,-0.1763073819076002,-0.6726474111991445,0.6622091431836304,-0.0214936614296784,-0.0071213499252353,-0.0591052551649595,-0.113523716802806,1.123080612062059,-0.0164939239264168,-0.5836657554843893,-0.3045652239096702,-0.348476665070742,-0.3473986184112497,-0.573027704484334,1
-0.1555376202843612,-0.1763073819076002,-0.6726474111991445,0.6622091431836304,-0.0215867267073146,-0.0375182153723282,-0.0591052551649595,-0.113523716802806,1.123080612062059,-0.0164939239264168,-0.4903062365171768,-0.1698282616388277,-0.348476665070742,-0.3473986184112497,-0.573027704484334,1
-0.1555376202843612,-0.1763073819076002,-0.6726474111991445,0.6622091431836304,-0.0214788555900545,-0.0738530731393183,-0.0591052551649595,-0.113523716802806,1.123080612062059,-0.0164939239264168,-0.3969467175499646,-0.0350912993679853,-0.348476665070742,-0.3473986184112497,-0.573027704484334,1
-0.1555376202843612,-0.1763073819076002,-0.6726474111991445,0.6622091431836304,-0.0215084672693023,0.0079121385672028,-0.0591052551649595,-0.113523716802806,1.123080612062059,-0.0164939239264168,-0.5992256753122579,-0.3270213842881439,-0.348476665070742,-0.3473986184112497,-0.573027704484334,1
-0.1555376202843612,-0.1763073819076002,-0.6726474111991445,0.6622091431836304,-0.0213329123137614,-0.0188559537955084,-0.0591052551649595,-0.113523716802806,1.123080612062059,-0.0164939239264168,-0.3891667576360302,-0.0238632191787484,-0.348476665070742,-0.3473986184112497,-0.573027704484334,1
-0.1555376202843612,-0.1763073819076002,-0.6726474111991445,0.6622091431836304,-0.0213033006345135,0.2123016043719189,-0.0591052551649595,-0.113523716802806,1.123080612062059,-0.0164939239264168,-0.4747463166893081,-0.147372101260354,-0.348476665070742,-0.3473986184112497,-0.573027704484334,1
-0.1555376202843612,2.3423854636836783,-1.4410451230163004,0.6622091431836304,-0.021895534219471,-0.0909601462514032,-0.0591052551649595,-0.113523716802806,-0.8904080341694499,-0.0164939239264168,0.2098901557369155,1.637892648828308,-0.348476665070742,-0.3473986184112497,-0.573027704484334,1
-0.1555376202843612,-0.1763073819076002,0.7942936749972437,-1.518588173082414,-0.0219885994971072,-0.095201569337044,-0.0591052551649595,-0.113523716802806,1.123080612062059,-0.0164939239264168,-0.5914457153983236,-0.2708809833419596,-0.348476665070742,-0.3473986184112497,1.8303173826316077,0
-0.1555376202843612,-0.1763073819076002,-0.6726474111991445,0.6622091431836304,-0.0214386683110752,0.0928819810495415,-0.0591052551649595,-0.113523716802806,1.123080612062059,-0.0164939239264168,-0.5292060360868487,-0.2259686625850121,-0.348476665070742,-0.3473986184112497,-0.573027704484334,1
-0.1555376202843612,-0.1763073819076002,-0.6726474111991445,0.6622091431836304,-0.0214577043905917,0.533754347340323,-0.0591052551649595,-0.113523716802806,1.123080612062059,-0.0164939239264168,-0.4903062365171768,-0.1698282616388277,-0.348476665070742,-0.3473986184112497,-0.573027704484334,1
-0.1555376202843612,-0.1763073819076002,1.5626913868143997,-0.5839607518255377,-0.0219885994971072,-0.0968981385713004,-0.0591052551649595,-0.113523716802806,-0.8904080341694499,-0.0164939239264168,1.5713831406754286,-0.2821090635311964,3.0371526089011573,3.004585054773335,-0.573027704484334,0
-0.1555376202843612,-0.1763073819076002,-0.6726474111991445,0.6622091431836304,-0.0215296184687651,-0.0768220692992669,-0.0591052551649595,-0.113523716802806,1.123080612062059,-0.0164939239264168,-0.5758857955704548,-0.2933371437204333,-0.348476665070742,-0.3473986184112497,-0.573027704484334,1
-0.1555376202843612,-0.1763073819076002,-0.6726474111991445,0.6622091431836304,-0.0215253882288725,-0.0821474116179049,-0.0591052551649595,-0.113523716802806,1.123080612062059,-0.0164939239264168,-0.4047266774638989,0.0322771817674358,-0.348476665070742,-0.3473986184112497,-0.573027704484334,1
-0.1555376202843612,-0.1763073819076002,-1.0219190983887607,0.6622091431836304,-0.0219780238973758,-0.0904888770196653,-0.0591052551649595,-0.113523716802806,-0.8904080341694499,-0.0164939239264168,-0.6070056352261923,-0.3382494644773808,-0.348476665070742,-0.3473986184112497,-0.573027704484334,1
-0.1555376202843612,2.3423854636836783,-1.4410451230163004,0.6622091431836304,-0.0218934190995247,-0.0903946231733177,-0.0591052551649595,-0.113523716802806,-0.8904080341694499,-0.0164939239264168,0.1476504764254406,1.649120729017545,-0.348476665070742,-0.3473986184112497,-0.573027704484334,1
-0.1555376202843612,2.3423854636836783,0.9340023498730902,0.6622091431836304,-0.0218870737396859,-0.0968981385713004,-0.0591052551649595,-0.113523716802806,-0.8904080341694499,-0.0164939239264168,-0.5758857955704548,-0.2933371437204333,-0.348476665070742,-0.3473986184112497,-0.573027704484334,0
-0.1555376202843612,-0.1763073819076002,-0.6726474111991445,0.6622091431836304,-0.0213921356722571,0.0109282616503252,-0.0591052551649595,-0.113523716802806,1.123080612062059,-0.0164939239264168,-0.5992256753122579,-0.3270213842881439,-0.348476665070742,-0.3473986184112497,-0.573027704484334,1
0.0441531281214868,-0.1763073819076002,-0.9520647609508376,0.6622091431836304,-0.0216544105455954,-0.0688576192828969,-0.0591052551649595,2.040655700609363,1.123080612062059,-0.0164939239264168,-0.6070056352261923,-0.3382494644773808,-0.348476665070742,-0.3473986184112497,-0.573027704484334,0
-0.1555376202843612,2.3423854636836783,-1.4410451230163004,0.6622091431836304,-0.021895534219471,-0.0935521270259615,-0.0591052551649595,-0.113523716802806,-0.8904080341694499,-0.0164939239264168,0.7700472695401895,1.637892648828308,-0.348476665070742,-0.3473986184112497,-0.573027704484334,1
-0.1349289665342915,2.3423854636836783,-1.4410451230163004,0.6622091431836304,-0.0218997644593635,-0.0949188077980013,-0.0591052551649595,-0.113523716802806,-0.8904080341694499,-0.0164939239264168,-0.5836657554843893,-0.2596529031527227,-0.348476665070742,-0.3473986184112497,-0.573027704484334,1
-0.1555376202843612,-0.1763073819076002,-0.6726474111991445,0.6622091431836304,-0.0212440772760177,-0.0788485269957398,-0.0591052551649595,-0.113523716802806,1.123080612062059,-0.0164939239264168,-0.4747463166893081,-0.147372101260354,-0.348476665070742,-0.3473986184112497,-0.573027704484334,1
-0.1555376202843612,-0.1763073819076002,-0.6726474111991445,0.6622091431836304,-0.0214005961520422,-0.0582069346456209,-0.0591052551649595,-0.113523716802806,1.123080612062059,-0.0164939239264168,-0.4903062365171768,-0.147372101260354,-0.348476665070742,-0.3473986184112497,-0.573027704484334,1
-0.1555376202843612,-0.1763073819076002,-0.6726474111991445,0.6622091431836304,-0.0214915463097321,-0.0318629845914737,-0.0591052551649595,-0.113523716802806,1.123080612062059,-0.0164939239264168,-0.5914457153983236,-0.3157933040989071,-0.348476665070742,-0.3473986184112497,-0.573027704484334,1
-0.1406141123963797,-0.1763073819076002,-0.9520647609508376,0.6622091431836304,-0.0214873160698396,-0.0604219000347889,-0.0591052551649595,-0.113523716802806,1.123080612062059,-0.0164939239264168,-0.6070056352261923,-0.3382494644773808,-0.348476665070742,-0.3473986184112497,-0.573027704484334,1
-0.1555376202843612,-0.1763073819076002,-0.6726474111991445,0.6622091431836304,-0.0215423091884428,3.371077883941369,-0.0591052551649595,-0.113523716802806,1.123080612062059,-0.0164939239264168,-0.5914457153983236,-0.3157933040989071,-0.348476665070742,-0.3473986184112497,-0.573027704484334,1
-0.1548269770516002,-0.1763073819076002,-0.8822104235129143,0.6622091431836304,0.0610975422325363,-0.0968981385713004,-0.0591052551649595,-0.113523716802806,-0.8904080341694499,-0.0164939239264168,-0.6070056352261923,-0.3382494644773808,-0.348476665070742,-0.3473986184112497,-0.573027704484334,1
-0.1335076800687694,-0.1763073819076002,1.6325457242523227,0.6622091431836304,-0.0215719208676906,-0.0211180461078502,-0.0591052551649595,0.9635659919032784,1.123080612062059,0.1210652795782869,-0.6070056352261923,-0.3382494644773808,-0.348476665070742,-0.3473986184112497,-0.573027704484334,0
-0.1555376202843612,-0.1763073819076002,-0.8822104235129143,0.6622091431836304,-0.021582496467422,-0.0968981385713004,-0.0591052551649595,-0.113523716802806,-0.8904080341694499,-0.0164939239264168,-0.6070056352261923,-0.3382494644773808,-0.348476665070742,-0.3473986184112497,-0.573027704484334,1
-0.1555376202843612,-0.1763073819076002,0.9340023498730902,-1.830130646834706,-0.0219885994971072,-0.0968981385713004,-0.0591052551649595,-0.113523716802806,-0.8904080341694499,-0.0164939239264168,0.9489863475606798,-0.3157933040989071,-0.348476665070742,-0.3473986184112497,1.8303173826316077,0
-0.1555376202843612,-0.1763073819076002,-0.8822104235129143,0.6622091431836304,-0.020535512094015,-0.0968981385713004,-0.0591052551649595,-0.113523716802806,-0.8904080341694499,-0.0164939239264168,-0.6070056352261923,-0.3382494644773808,-0.348476665070742,-0.3473986184112497,-0.573027704484334,1
-0.1555376202843612,-0.1763073819076002,-0.6726474111991445,0.6622091431836304,-0.0214915463097321,-0.0158869576355598,-0.0591052551649595,-0.113523716802806,1.123080612062059,-0.0164939239264168,-0.5681058356565205,-0.2484248229634858,-0.348476665070742,-0.3473986184112497,-0.573027704484334,1
-0.1555376202843612,-0.1763073819076002,-0.6726474111991445,0.6622091431836304,-0.0215296184687651,0.2390696967346301,-0.0591052551649595,-0.113523716802806,1.123080612062059,-0.0164939239264168,-0.6070056352261923,-0.1922844220173015,-0.348476665070742,-0.3473986184112497,-0.573027704484334,1
-0.1555376202843612,-0.1763073819076002,-1.5807537978921469,-1.518588173082414,-0.0219885994971072,-0.0968981385713004,-0.0591052551649595,-0.113523716802806,-0.8904080341694499,-0.0164939239264168,1.5091434613639538,-0.2035125022065383,-0.348476665070742,-0.3473986184112497,1.8303173826316077,0
-0.1555376202843612,-0.1763073819076002,-0.6726474111991445,0.6622091431836304,-0.0213688693528481,0.1481618619323942,-0.0591052551649595,-0.113523716802806,1.123080612062059,-0.0164939239264168,-0.536985996000783,-0.1922844220173015,-0.348476665070742,-0.3473986184112497,-0.573027704484334,1
-0.1555376202843612,-0.1763073819076002,-0.9520647609508376,0.6622091431836304,-0.021933606378504,-0.0894992116330158,-0.0591052551649595,-0.113523716802806,-0.8904080341694499,-0.0164939239264168,-0.6070056352261923,-0.3382494644773808,-0.348476665070742,-0.3473986184112497,-0.573027704484334,0
-0.149141831189512,-0.1763073819076002,-0.6726474111991445,0.6622091431836304,-0.0215021219094635,-0.0448700153874391,-0.0591052551649595,-0.113523716802806,1.123080612062059,-0.0164939239264168,-0.5914457153983236,-0.3157933040989071,-0.348476665070742,-0.3473986184112497,-0.573027704484334,1
-0.1555376202843612,-0.1763073819076002,-0.6726474111991445,0.6622091431836304,-0.0212758040752119,-0.0835612193131185,-0.0591052551649595,-0.113523716802806,1.123080612062059,-0.0164939239264168,-0.428066557205702,-0.0238632191787484,-0.348476665070742,-0.3473986184112497,-0.573027704484334,1
-0.1555376202843612,-0.1763073819076002,-0.6726474111991445,0.6622091431836304,-0.0213667542329018,0.1484917503946107,-0.0591052551649595,-0.113523716802806,1.123080612062059,-0.0164939239264168,-0.5836657554843893,-0.2821090635311964,-0.348476665070742,-0.3473986184112497,-0.573027704484334,1
-0.1555376202843612,-0.1763073819076002,-0.8822104235129143,0.6622091431836304,0.0680351356563241,-0.0968981385713004,-0.0591052551649595,-0.113523716802806,-0.8904080341694499,-0.0164939239264168,-0.6070056352261923,-0.3382494644773808,-0.348476665070742,-0.3473986184112497,-0.573027704484334,1
0.4165301820882641,-0.1763073819076002,-0.6726474111991445,-0.8955032255778298,0.1407571896492116,-0.0968510116481266,-0.0591052551649595,-0.113523716802806,1.123080612062059,-0.0164939239264168,-0.5214260761729144,-0.2147405823957752,-0.348476665070742,-0.3473986184112497,1.8303173826316077,0
-0.1555376202843612,-0.1763073819076002,-0.6726474111991445,0.6622091431836304,-0.0215169277490874,-0.0819589039252098,-0.0591052551649595,-0.113523716802806,1.123080612062059,-0.0164939239264168,-0.5136461162589799,-0.1698282616388277,-0.348476665070742,-0.3473986184112497,-0.573027704484334,1
-0.1555376202843612,-0.1763073819076002,-0.6726474111991445,0.6622091431836304,-0.0212250411965012,-0.0384136269126302,-0.0591052551649595,-0.113523716802806,1.123080612062059,-0.0164939239264168,-0.4202865972917676,-0.0687755399356959,-0.348476665070742,-0.3473986184112497,-0.573027704484334,1
-0.1555376202843612,-0.1763073819076002,-0.6726474111991445,0.6622091431836304,-0.021421747351505,-0.0491114384730799,-0.0591052551649595,-0.113523716802806,1.123080612062059,-0.0164939239264168,-0.5836657554843893,-0.3045652239096702,-0.348476665070742,-0.3473986184112497,-0.573027704484334,1
-0.1555376202843612,-0.1763073819076002,-0.6726474111991445,0.6622091431836304,-0.0215359638286039,0.108952261851803,-0.0591052551649595,-0.113523716802806,1.123080612062059,-0.0164939239264168,-0.6070056352261923,-0.3382494644773808,-0.348476665070742,-0.3473986184112497,-0.573027704484334,1
-0.1555376202843612,2.3423854636836783,0.9340023498730902,0.6622091431836304,-0.0219864843771609,-0.0968981385713004,-0.0591052551649595,-0.113523716802806,-0.8904080341694499,-0.0164939239264168,0.4043891535852745,-0.1361440210711171,-0.348476665070742,-0.3473986184112497,-0.573027704484334,1
-0.1555376202843612,-0.1763073819076002,-0.6726474111991445,0.6622091431836304,-0.0212673435954268,0.0122006885760174,-0.0591052551649595,-0.113523716802806,1.123080612062059,-0.0164939239264168,-0.3891667576360302,0.0098210213889621,-0.348476665070742,-0.3473986184112497,-0.573027704484334,1
-0.1555376202843612,-0.1763073819076002,-0.6726474111991445,0.6622091431836304,-0.0213011855145672,-0.0024086576078566,-0.0591052551649595,-0.113523716802806,1.123080612062059,-0.0164939239264168,-0.5914457153983236,0.0098210213889621,-0.348476665070742,-0.3473986184112497,-0.573027704484334,1
-0.1555376202843612,-0.1763073819076002,-0.6726474111991445,0.6622091431836304,-0.021421747351505,0.6662281283818394,-0.0591052551649595,-0.113523716802806,1.123080612062059,-0.0164939239264168,-0.5836657554843893,-0.3045652239096702,-0.348476665070742,-0.3473986184112497,-0.573027704484334,1
-0.1555376202843612,-0.1763073819076002,-0.6726474111991445,0.6622091431836304,-0.0214027112719885,-0.0826186808496428,-0.0591052551649595,-0.113523716802806,1.123080612062059,-0.0164939239264168,-0.6070056352261923,-0.3382494644773808,-0.348476665070742,-0.3473986184112497,-0.573027704484334,1
-0.1555376202843612,-0.1763073819076002,-0.6726474111991445,0.6622091431836304,-0.0214873160698396,-0.0753140077577057,-0.0591052551649595,-0.113523716802806,1.123080612062059,-0.0164939239264168,-0.6070056352261923,-0.3382494644773808,-0.348476665070742,-0.3473986184112497,-0.573027704484334,1
-0.1555376202843612,2.3423854636836783,-1.4410451230163004,0.6622091431836304,-0.021895534219471,-0.0948245539516537,-0.0591052551649595,-0.113523716802806,-0.8904080341694499,-0.0164939239264168,0.4666288328967494,1.211225601637307,-0.348476665070742,-0.3473986184112497,-0.573027704484334,1
-0.1555376202843612,-0.1763073819076002,-0.8822104235129143,0.6622091431836304,-0.021582496467422,-0.0968981385713004,-0.0591052551649595,-0.113523716802806,-0.8904080341694499,-0.0164939239264168,-0.5992256753122579,-0.3270213842881439,-0.348476665070742,-0.3473986184112497,-0.573027704484334,1
-0.1555376202843612,-0.1763073819076002,-0.6726474111991445,0.6622091431836304,-0.0214809707100007,-0.0605632808043103,-0.0591052551649595,-0.113523716802806,1.123080612062059,-0.0164939239264168,-0.5914457153983236,-0.2147405823957752,0.7687809953399848,0.2224386060301296,-0.573027704484334,1
-0.1548269770516002,-0.1763073819076002,1.2134196996247832,0.6622091431836304,0.00813282365782,-0.0534471154050684,-0.0591052551649595,-0.113523716802806,1.123080612062059,-0.0164939239264168,-0.6070056352261923,-0.3382494644773808,-0.348476665070742,-0.3473986184112497,-0.573027704484334,1
-0.1555376202843612,-0.1763073819076002,1.2134196996247832,0.6622091431836304,-0.0198269469120123,-0.0786600193030447,-0.0591052551649595,-0.113523716802806,1.123080612062059,-0.0164939239264168,-0.6070056352261923,-0.3157933040989071,-0.348476665070742,-0.3473986184112497,-0.573027704484334,1
-0.1555376202843612,-0.1763073819076002,1.6325457242523227,0.6622091431836304,-0.0217263246237688,-0.0886980539390614,-0.0591052551649595,-0.113523716802806,-0.8904080341694499,-0.0164939239264168,-0.5992256753122579,-0.3270213842881439,-0.348476665070742,-0.3473986184112497,-0.573027704484334,0
-0.1555376202843612,-0.1763073819076002,-0.6726474111991445,0.6622091431836304,-0.0214027112719885,-0.0113156460877024,-0.0591052551649595,-0.113523716802806,1.123080612062059,-0.0164939239264168,-0.4825262766032425,-0.147372101260354,-0.348476665070742,-0.3473986184112497,-0.573027704484334,1
-0.1555376202843612,-0.1763073819076002,-0.6726474111991445,0.6622091431836304,-0.0213646391129555,0.2002371120394293,-0.0591052551649595,0.9635659919032784,1.123080612062059,-0.0164939239264168,-0.5992256753122579,-0.3270213842881439,-0.348476665070742,-0.3473986184112497,-0.573027704484334,1
-0.1555376202843612,-0.1763073819076002,-0.6726474111991445,0.6622091431836304,-0.0214852009498933,-0.096096980877346,-0.0591052551649595,-0.113523716802806,1.123080612062059,-0.0164939239264168,-0.6070056352261923,-0.2484248229634858,-0.348476665070742,-0.3473986184112497,-0.573027704484334,1
-0.1555376202843612,-0.1763073819076002,-0.6726474111991445,0.6622091431836304,-0.0213667542329018,0.2281833774814852,-0.0591052551649595,-0.113523716802806,1.123080612062059,-0.0164939239264168,-0.4669663567753738,-0.1136878606926434,-0.348476665070742,-0.3473986184112497,-0.573027704484334,1
-0.1548269770516002,-0.1763073819076002,1.2134196996247832,0.6622091431836304,-0.0201019125050283,-0.081016365461734,-0.0591052551649595,-0.113523716802806,1.123080612062059,-0.0164939239264168,-0.6070056352261923,-0.3270213842881439,-0.348476665070742,-0.3473986184112497,-0.573027704484334,1
-0.1555376202843612,-0.1763073819076002,-0.6726474111991445,0.6622091431836304,-0.0215359638286039,0.255941135230846,-0.0591052551649595,-0.113523716802806,1.123080612062059,-0.0164939239264168,-0.5758857955704548,-0.2933371437204333,-0.348476665070742,-0.3473986184112497,-0.573027704484334,1
-0.1555376202843612,-0.1763073819076002,-0.6726474111991445,0.6622091431836304,-0.0214090566318273,-0.0611759308055695,-0.0591052551649595,-0.113523716802806,1.123080612062059,-0.0164939239264168,-0.5525459158286518,-0.2596529031527227,-0.348476665070742,-0.3473986184112497,-0.573027704484334,1
-0.1555376202843612,-0.1763073819076002,-0.6726474111991445,0.6622091431836304,-0.0215148126291412,0.360374396983959,-0.0591052551649595,-0.113523716802806,1.123080612062059,-0.0164939239264168,-0.5136461162589799,-0.1922844220173015,-0.348476665070742,-0.3473986184112497,-0.573027704484334,1
-0.1555376202843612,-0.1763073819076002,-0.6726474111991445,0.6622091431836304,-0.021383675192472,-0.053541369251416,-0.0591052551649595,-0.113523716802806,1.123080612062059,-0.0164939239264168,-0.4903062365171768,-0.1361440210711171,-0.348476665070742,-0.3473986184112497,-0.573027704484334,1
-0.1555376202843612,-0.1763073819076002,-0.6726474111991445,0.6622091431836304,-0.0213540635132241,-0.0761622923748339,-0.0591052551649595,-0.113523716802806,1.123080612062059,-0.0164939239264168,-0.5603258757425861,-0.2708809833419596,-0.348476665070742,-0.3473986184112497,-0.573027704484334,1
-0.1555376202843612,-0.1763073819076002,-0.6726474111991445,0.6622091431836304,-0.0211531271183278,-0.0115984076267451,-0.0591052551649595,-0.113523716802806,1.123080612062059,-0.0164939239264168,-0.5681058356565205,-0.2821090635311964,-0.348476665070742,-0.3473986184112497,-0.573027704484334,1
